epoch,step,train/corr_offdiag_abs_max,train/corr_offdiag_abs_mean,train/diffusion,train/drift_abs,train/entropy_beta,train/gate_temperature,train/loss_balance_term_epoch,train/loss_balance_term_step,train/loss_entropy_term_epoch,train/loss_entropy_term_step,train/loss_epoch,train/loss_sde_epoch,train/loss_sde_step,train/loss_step,train/mean_pi_var,train/pi_mean_e0,train/pi_mean_e1,train/pi_mean_e2,train/pi_min_mean,train/pi_var_e0,train/pi_var_e1,train/pi_var_e2,val/diffusion,val/drift_abs,val/entropy_beta,val/loss,val/loss_balance_term,val/loss_entropy_term,val/loss_sde,val/mean_pi_var,val/pi_mean_e0,val/pi_mean_e1,val/pi_mean_e2,val/pi_min_mean,val/pi_var_e0,val/pi_var_e1,val/pi_var_e2,val/rmse_next
0,15,,,,,,,,,,,,,,,,,,,,,,,0.16442528367042542,0.07448061555624008,0.10000000149011612,-2.913088083267212,0.0,0.10187456756830215,-2.811213493347168,0.0004271982761565596,0.22386811673641205,0.2516927421092987,0.5244391560554504,0.22386811673641205,4.272355727152899e-05,0.0007565277046523988,0.00048234366113319993,0.10324960947036743
0,15,0.5173398852348328,0.3253612518310547,0.30591100454330444,0.1574297845363617,,,0.0,,0.10708162188529968,,-0.6071922183036804,-0.5001105070114136,,,0.00034131103893741965,0.27118873596191406,0.3103790581226349,0.41843223571777344,0.2675248980522156,9.570967085892335e-05,0.0005379667854867876,0.00039025660953484476,,,,,,,,,,,,,,,,
1,31,,,,,,,,,,,,,,,,,,,,,,,0.0703110471367836,0.02612246386706829,0.10000000149011612,-5.78725528717041,0.0,0.08485230058431625,-5.7024030685424805,5.165745096746832e-05,0.16551949083805084,0.15473338961601257,0.6797471642494202,0.15473338961601257,1.5197828361124266e-05,7.863090286264196e-05,6.114361895015463e-05,0.05845039337873459
1,31,0.543414831161499,0.3406972885131836,0.11196859180927277,0.04634373262524605,,,0.0,,0.09451775997877121,,-4.349567413330078,-4.255049228668213,,,0.00019240996334701777,0.19789698719978333,0.2024371176958084,0.5996659398078918,0.19552411139011383,3.479764563962817e-05,0.000339782505761832,0.00020264979684725404,,,,,,,,,,,,,,,,
2,47,,,,,,,,,,,,,,,,,,,,,,,0.051055725663900375,0.011048683896660805,0.10000000149011612,-6.491162300109863,0.0,0.07258420437574387,-6.418578624725342,5.3530898185272235e-06,0.14257852733135223,0.10372431576251984,0.7536971569061279,0.10372431576251984,3.7890567909926176e-06,4.874783826380735e-06,7.3954297477030195e-06,0.05159885808825493
2,47,0.5556491613388062,0.3454499840736389,0.05660901591181755,0.017480991780757904,,,0.0,,0.0778280645608902,,-5.959475517272949,-5.881648063659668,,,2.2750311472918838e-05,0.14934630692005157,0.12689335644245148,0.7237603664398193,0.12689335644245148,9.047930689121131e-06,2.9810516934958287e-05,2.9392474971245974e-05,,,,,,,,,,,,,,,,
3,49,,,,,0.10000000149011612,5.0,,0.0,,0.07228448241949081,,,-5.967757225036621,-6.040041923522949,,,,,,,,,,,,,,,,,,,,,,,,
3,63,,,,,,,,,,,,,,,,,,,,,,,0.0525825135409832,0.00959259644150734,0.10000000149011612,-6.564502239227295,0.0,0.06788231432437897,-6.496619701385498,7.005683983152267e-06,0.13414156436920166,0.08805190026760101,0.7778065204620361,0.08805190026760101,5.3030157687317114e-06,2.986567096741055e-06,1.272746976610506e-05,0.050357818603515625
3,63,0.5502628684043884,0.34291642904281616,0.050436727702617645,0.00975477509200573,,,0.0,,0.06968074291944504,,-6.239552021026611,-6.169870853424072,,,4.930800514557632e-06,0.1365475207567215,0.09464405477046967,0.7688084840774536,0.09464405477046967,3.4052673072437756e-06,3.27324391946604e-06,8.113891453831457e-06,,,,,,,,,,,,,,,,
4,79,,,,,,,,,,,,,,,,,,,,,,,0.05531423166394234,0.0073259491473436356,0.10000000149011612,-6.530452728271484,0.0,0.06696649640798569,-6.463486671447754,2.180148112529423e-05,0.13226398825645447,0.08543365448713303,0.7823023796081543,0.08543365448713303,2.0648785721277818e-05,5.152343874215148e-06,3.9603313780389726e-05,0.04997892305254936
4,79,0.5475302338600159,0.34088921546936035,0.04977960139513016,0.007544534746557474,,,0.0,,0.06603652983903885,,-6.299939155578613,-6.233902931213379,,,9.281297025154345e-06,0.12729309499263763,0.08530465513467789,0.7874022126197815,0.08530465513467789,9.834098818828352e-06,3.2140321764018154e-06,1.479575894336449e-05,,,,,,,,,,,,,,,,
5,95,,,,,,,,,,,,,,,,,,,,,,,0.04612058028578758,0.005815232638269663,0.10000000149011612,-6.644247055053711,0.0,0.06351657956838608,-6.580730438232422,6.725009370711632e-06,0.11667390912771225,0.08287793397903442,0.8004482388496399,0.08287793397903442,3.0961778065830003e-06,6.3745260376890656e-06,1.070432426786283e-05,0.0499032586812973
5,95,0.5481193661689758,0.3398248255252838,0.05418366566300392,0.007595898117870092,,,0.0,,0.06638181954622269,,-6.3464531898498535,-6.280070781707764,,,2.2796639314037748e-05,0.12931841611862183,0.08534248173236847,0.7853389978408813,0.08534248173236847,2.066840897896327e-05,6.457526524172863e-06,4.1263974708272144e-05,,,,,,,,,,,,,,,,
6,99,,,,,0.10000000149011612,5.0,,0.0,,0.06343057751655579,,,-6.772761821746826,-6.836192607879639,,,,,,,,,,,,,,,,,,,,,,,,
6,111,,,,,,,,,,,,,,,,,,,,,,,0.05410405620932579,0.006648926995694637,0.10000000149011612,-6.556417465209961,0.0,0.06467627733945847,-6.491741180419922,3.083008050452918e-05,0.1229611411690712,0.0827937200665474,0.794245183467865,0.0827937200665474,2.7737220079870895e-05,6.539131845784141e-06,5.821388913318515e-05,0.04969853535294533
6,111,0.5445124506950378,0.33790627121925354,0.04941433295607567,0.0072831506840884686,,,0.0,,0.06391657143831253,,-6.375403881072998,-6.311487674713135,,,1.0806349564518314e-05,0.11938346177339554,0.08238453418016434,0.7982320189476013,0.08238453418016434,8.879715096554719e-06,4.546329819277162e-06,1.8993005141965114e-05,,,,,,,,,,,,,,,,
7,127,,,,,,,,,,,,,,,,,,,,,,,0.055437102913856506,0.007136207539588213,0.10000000149011612,-6.494032859802246,0.0,0.06550736725330353,-6.428525924682617,0.0001287803752347827,0.12439151853322983,0.08556783944368362,0.7900406122207642,0.08556783944368362,0.00010201109398622066,3.374920561327599e-05,0.00025058083701878786,0.04970583692193031
7,127,0.5423569679260254,0.3369067907333374,0.04886652156710625,0.005274957977235317,,,0.0,,0.06290174275636673,,-6.4091081619262695,-6.346206188201904,,,3.225920954719186e-05,0.1159450113773346,0.0809144452214241,0.8031405210494995,0.0809144452214241,2.8569886126206256e-05,7.482371074729599e-06,6.0725364164682105e-05,,,,,,,,,,,,,,,,
8,143,,,,,,,,,,,,,,,,,,,,,,,0.05342084914445877,0.006218975409865379,0.10000000149011612,-6.534117221832275,0.0,0.06437695026397705,-6.46973991394043,0.00012989969400223345,0.12120511382818222,0.08318012207746506,0.7956147789955139,0.08318012207746506,0.00010359254520153627,3.3666852687019855e-05,0.00025243969867005944,0.04959840327501297
8,143,0.5413081645965576,0.33604127168655396,0.049631670117378235,0.005577496252954006,,,0.0,,0.06322605907917023,,-6.414065361022949,-6.350839614868164,,,6.56836709822528e-05,0.11674559861421585,0.08176635205745697,0.8014880418777466,0.08176635205745697,5.419296212494373e-05,1.6736747056711465e-05,0.00012612130376510322,,,,,,,,,,,,,,,,
9,149,,,,,0.10000000149011612,5.0,,0.0,,0.06466912478208542,,,-6.598801612854004,-6.66347074508667,,,,,,,,,,,,,,,,,,,,,,,,
9,159,,,,,,,,,,,,,,,,,,,,,,,0.04933959245681763,0.0051910653710365295,0.10000000149011612,-6.599878311157227,0.0,0.06272228062152863,-6.537156105041504,9.824025619309396e-05,0.11602281033992767,0.08018708974123001,0.8037901520729065,0.08018708974123001,8.002414688235149e-05,2.5033119527506642e-05,0.00018966349307447672,0.0495266430079937
9,159,0.5379009246826172,0.33507871627807617,0.05141959711909294,0.005927232094109058,,,0.0,,0.06362411379814148,,-6.4706950187683105,-6.407070636749268,,,0.00010403078340459615,0.11898073554039001,0.0816916823387146,0.7993274927139282,0.0816916823387146,8.45087633933872e-05,2.6474417609279044e-05,0.00020110918558202684,,,,,,,,,,,,,,,,
10,160,,,,,,,,,,,,,,,,,,,,,,,0.04933959245681763,0.0051910653710365295,0.10000000149011612,-6.599878311157227,0.0,0.06272228062152863,-6.537156105041504,9.824025619309396e-05,0.11602281033992767,0.08018708974123001,0.8037901520729065,0.08018708974123001,8.002414688235149e-05,2.5033119527506642e-05,0.00018966349307447672,0.0495266430079937
