lag,00116101__00169001,00116101__00177301,00116101__00187801,00169001__00177301,00169001__00187801,00177301__00187801
-5,0.04425513465599251,0.028551708677132696,-0.008561827704702034,0.03623296490150966,0.029133190572617478,0.006980675708868903
-4,-0.08458716593610725,-0.04891022109442901,-0.04548361991805714,-0.024874217948489038,-0.03728791977075004,-0.01749708826085243
-3,-0.025596090994864595,-0.0035341339561031286,0.012099897118193266,-0.04689528134220813,-0.013997978046753073,0.0350502491562056
-2,0.049689108101867524,0.0706628994148903,0.03591512153334324,0.07585014489942547,0.025984828175599377,0.04373225419938851
-1,-0.058466767521585375,-0.02067545261528606,-0.024371746581354537,-0.08915206099301227,-0.09759735873713389,-0.09818265857930239
0,0.3692967711778605,0.3356268689454219,0.3766033006821178,0.5193045380309479,0.5207215004415345,0.529025836517162
1,-0.05845875225218559,-0.027140182788844277,-0.03437915003958758,-0.13777202406480074,-0.12247897162920218,-0.07383086983736284
2,0.021625592359943095,0.035126261907510906,0.035958135208478806,0.06427439557299701,0.023384316320850966,0.04374239272468633
3,-0.037562806777540925,0.005343681310192654,-0.04647316701077025,0.0528136340781499,0.024225498663076533,0.009469390205466013
4,-0.0304924101720411,-0.009163967409330906,0.018747582790880072,-0.04458596943418881,-0.02169553172913284,0.005260159880288277
5,-0.0036487799081255877,0.01921480888849928,-0.0006450231337237681,0.029901410135975276,0.04906628674241852,0.04293377767071692
