asset_1,asset_2,pair,lag,correlation,n_obs
00116101,00169001,00116101__00169001,-5,0.04425513465599251,1506
00116101,00169001,00116101__00169001,-4,-0.08458716593610725,1507
00116101,00169001,00116101__00169001,-3,-0.025596090994864595,1508
00116101,00169001,00116101__00169001,-2,0.049689108101867524,1509
00116101,00169001,00116101__00169001,-1,-0.058466767521585375,1510
00116101,00169001,00116101__00169001,0,0.3692967711778605,1511
00116101,00169001,00116101__00169001,1,-0.05845875225218559,1510
00116101,00169001,00116101__00169001,2,0.021625592359943095,1509
00116101,00169001,00116101__00169001,3,-0.037562806777540925,1508
00116101,00169001,00116101__00169001,4,-0.0304924101720411,1507
00116101,00169001,00116101__00169001,5,-0.0036487799081255877,1506
00116101,00177301,00116101__00177301,-5,0.028551708677132696,1506
00116101,00177301,00116101__00177301,-4,-0.04891022109442901,1507
00116101,00177301,00116101__00177301,-3,-0.0035341339561031286,1508
00116101,00177301,00116101__00177301,-2,0.0706628994148903,1509
00116101,00177301,00116101__00177301,-1,-0.02067545261528606,1510
00116101,00177301,00116101__00177301,0,0.3356268689454219,1511
00116101,00177301,00116101__00177301,1,-0.027140182788844277,1510
00116101,00177301,00116101__00177301,2,0.035126261907510906,1509
00116101,00177301,00116101__00177301,3,0.005343681310192654,1508
00116101,00177301,00116101__00177301,4,-0.009163967409330906,1507
00116101,00177301,00116101__00177301,5,0.01921480888849928,1506
00116101,00187801,00116101__00187801,-5,-0.008561827704702034,1506
00116101,00187801,00116101__00187801,-4,-0.04548361991805714,1507
00116101,00187801,00116101__00187801,-3,0.012099897118193266,1508
00116101,00187801,00116101__00187801,-2,0.03591512153334324,1509
00116101,00187801,00116101__00187801,-1,-0.024371746581354537,1510
00116101,00187801,00116101__00187801,0,0.3766033006821178,1511
00116101,00187801,00116101__00187801,1,-0.03437915003958758,1510
00116101,00187801,00116101__00187801,2,0.035958135208478806,1509
00116101,00187801,00116101__00187801,3,-0.04647316701077025,1508
00116101,00187801,00116101__00187801,4,0.018747582790880072,1507
00116101,00187801,00116101__00187801,5,-0.0006450231337237681,1506
00169001,00177301,00169001__00177301,-5,0.03623296490150966,1506
00169001,00177301,00169001__00177301,-4,-0.024874217948489038,1507
00169001,00177301,00169001__00177301,-3,-0.04689528134220813,1508
00169001,00177301,00169001__00177301,-2,0.07585014489942547,1509
00169001,00177301,00169001__00177301,-1,-0.08915206099301227,1510
00169001,00177301,00169001__00177301,0,0.5193045380309479,1511
00169001,00177301,00169001__00177301,1,-0.13777202406480074,1510
00169001,00177301,00169001__00177301,2,0.06427439557299701,1509
00169001,00177301,00169001__00177301,3,0.0528136340781499,1508
00169001,00177301,00169001__00177301,4,-0.04458596943418881,1507
00169001,00177301,00169001__00177301,5,0.029901410135975276,1506
00169001,00187801,00169001__00187801,-5,0.029133190572617478,1506
00169001,00187801,00169001__00187801,-4,-0.03728791977075004,1507
00169001,00187801,00169001__00187801,-3,-0.013997978046753073,1508
00169001,00187801,00169001__00187801,-2,0.025984828175599377,1509
00169001,00187801,00169001__00187801,-1,-0.09759735873713389,1510
00169001,00187801,00169001__00187801,0,0.5207215004415345,1511
00169001,00187801,00169001__00187801,1,-0.12247897162920218,1510
00169001,00187801,00169001__00187801,2,0.023384316320850966,1509
00169001,00187801,00169001__00187801,3,0.024225498663076533,1508
00169001,00187801,00169001__00187801,4,-0.02169553172913284,1507
00169001,00187801,00169001__00187801,5,0.04906628674241852,1506
00177301,00187801,00177301__00187801,-5,0.006980675708868903,1506
00177301,00187801,00177301__00187801,-4,-0.01749708826085243,1507
00177301,00187801,00177301__00187801,-3,0.0350502491562056,1508
00177301,00187801,00177301__00187801,-2,0.04373225419938851,1509
00177301,00187801,00177301__00187801,-1,-0.09818265857930239,1510
00177301,00187801,00177301__00187801,0,0.529025836517162,1511
00177301,00187801,00177301__00187801,1,-0.07383086983736284,1510
00177301,00187801,00177301__00187801,2,0.04374239272468633,1509
00177301,00187801,00177301__00187801,3,0.009469390205466013,1508
00177301,00187801,00177301__00187801,4,0.005260159880288277,1507
00177301,00187801,00177301__00187801,5,0.04293377767071692,1506
