lag,00107801__00116101,00107801__00141402,00138001__00107801,00138001__00116101,00138001__00141402,00141402__00116101
-5,0.016064090581034727,0.015286736739079959,0.036276821887684434,-0.012300809197547523,0.07498815466473387,0.027889358232184244
-4,-0.00037278253932626664,-0.029644781511746345,-0.07115641123645802,0.004499922374167885,-0.06563018576039245,-0.034474308836823495
-3,-0.033775324491190126,-0.04409129586520148,0.06402734497631901,0.02614383900525535,0.05356670618592143,0.003066837891944295
-2,0.0416339308395535,0.02919601645413437,0.025545678106746874,0.014037575580388442,0.04985613970597286,0.029442124438657253
-1,-0.05505508501052591,-0.17068446936564866,-0.09132208413874453,-0.027795707651274964,-0.02264943571796824,-0.02132013393667211
0,0.32309878432377453,0.4624947695476272,0.3144477426895051,0.24775330705105794,0.4718538370519527,0.27229240783351966
1,-0.035335000130520766,-0.011591155414306316,-0.10245743994806274,-0.03598318999422368,0.0029086888149272277,-0.03551790092249354
2,0.04622658842780551,0.057940430465113484,-0.006305095130155403,0.048561575608156965,-0.005362282128078549,0.08090404797719886
3,0.01882400307163209,0.04861755329155075,0.005985799231128866,0.04208712901758453,-0.011760326662874611,0.001746918001814118
4,-0.09389744167700621,-0.10949387333171667,-0.0011113173684649646,-0.02810999215551822,-0.05992174080294982,-0.01754973236091418
5,0.007069751400490017,0.05049368851692225,0.001562744686068025,0.030748654070739366,-0.01578761359578546,0.013255224887667172
