Date,reference_basket_return,regime
2015-01-02,-0.0034882519830922573,normal
2015-01-05,-0.019766222409472844,normal
2015-01-06,-0.015720135856629642,normal
2015-01-07,0.0014093910416376424,normal
2015-01-08,0.024299614961237486,large_up
2015-01-09,-0.005299550060861871,normal
2015-01-12,-0.013809524863430159,normal
2015-01-13,-0.0018601036527365997,normal
2015-01-14,-0.005328735627910629,normal
2015-01-15,-0.0197077471493502,normal
2015-01-16,0.007524688569948815,normal
2015-01-20,-0.008550552659513627,normal
2015-01-21,0.0207629684400515,normal
2015-01-22,0.016043587407853353,normal
2015-01-23,-0.007532574538788345,normal
2015-01-26,0.014459657250719873,normal
2015-01-27,-0.010381767922547127,normal
2015-01-28,-0.0156470115146958,normal
2015-01-29,0.013836342175837043,normal
2015-01-30,-0.011841927351297386,normal
2015-02-02,0.018833687833100902,normal
2015-02-03,0.023008438696272244,normal
2015-02-04,0.006226616711375201,normal
2015-02-05,0.029645632169883314,large_up
2015-02-06,-0.007427600971718787,normal
2015-02-09,-0.0038933125177675995,normal
2015-02-10,0.012444356450383599,normal
2015-02-11,0.0073697353101504146,normal
2015-02-12,0.013333229968436071,normal
2015-02-13,0.016029812093511158,normal
2015-02-17,0.0014757738573910714,normal
2015-02-18,-0.003033778596343057,normal
2015-02-19,-0.0013113804028915285,normal
2015-02-20,0.0063730694587341,normal
2015-02-23,-0.0015842044193838567,normal
2015-02-24,0.0042219622457741,normal
2015-02-25,-0.004635995904076658,normal
2015-02-26,-0.0013199645392965715,normal
2015-02-27,0.0026509304077854145,normal
2015-03-02,0.005837032176137028,normal
2015-03-03,-0.004825353178393471,normal
2015-03-04,-0.007447448549403243,normal
2015-03-05,-0.007808030973191971,normal
2015-03-06,-0.01515573451750593,normal
2015-03-09,0.00017449979191854292,normal
2015-03-10,-0.018376016325485345,normal
2015-03-11,-0.0034243473582454857,normal
2015-03-12,0.002745819389164114,normal
2015-03-13,-0.0059976830969176,normal
2015-03-16,0.012219661092782155,normal
2015-03-17,-0.0009125042925709142,normal
2015-03-18,0.005938286184235342,normal
2015-03-19,-0.011390524247608043,normal
2015-03-20,0.011576708669593856,normal
2015-03-23,0.005323050389187443,normal
2015-03-24,-0.005766262182846042,normal
2015-03-25,-0.022639607750061744,normal
2015-03-26,-0.0023641696957103285,normal
2015-03-27,0.0011035779584185714,normal
2015-03-30,0.013368378332257227,normal
2015-03-31,-0.01300613490545237,normal
2015-04-01,0.00019509824838449992,normal
2015-04-02,0.003539275485176814,normal
2015-04-06,0.010618253513681158,normal
2015-04-07,-0.0022451079119874995,normal
2015-04-08,0.0061808901308211,normal
2015-04-09,0.006699871260044814,normal
2015-04-10,-0.0019437310429714003,normal
2015-04-13,-0.005811822632682942,normal
2015-04-14,0.0015004396433551288,normal
2015-04-15,0.014269213568574786,normal
2015-04-16,0.0036209668161090868,normal
2015-04-17,-0.026349507740571987,large_down
2015-04-20,0.006899097767279229,normal
2015-04-21,-0.010468866330345088,normal
2015-04-22,0.0029389282481000856,normal
2015-04-23,0.004985734962040301,normal
2015-04-24,-0.004335314982946885,normal
2015-04-27,-0.004506823646814471,normal
2015-04-28,0.0018614888103079576,normal
2015-04-29,-0.003694651958694286,normal
2015-04-30,-0.02719273137363878,large_down
2015-05-01,0.015492586710325829,normal
2015-05-04,-0.0032502934303362137,normal
2015-05-05,-0.01258655961627353,normal
2015-05-06,-0.00033312331521099966,normal
2015-05-07,-9.997336255945738e-05,normal
2015-05-08,0.012300739503223143,normal
2015-05-11,-0.006853238937306243,normal
2015-05-12,-0.001847614981209257,normal
2015-05-13,0.005072875309523414,normal
2015-05-14,0.008915377580330843,normal
2015-05-15,-0.0041475171599169,normal
2015-05-18,0.004586032168013757,normal
2015-05-19,-0.010555808455006458,normal
2015-05-20,0.007033142531837143,normal
2015-05-21,-0.0027743911674775286,normal
2015-05-22,-0.006019146740467544,normal
2015-05-26,-0.020458197021664827,normal
2015-05-27,0.011843729837833172,normal
2015-05-28,-0.0031607105876147283,normal
2015-05-29,-0.0070051612031370725,normal
2015-06-01,-0.0027810939344578285,normal
2015-06-02,0.0037788043161829862,normal
2015-06-03,0.001507747250315243,normal
2015-06-04,-0.009010851163401858,normal
2015-06-05,0.0013351717392490715,normal
2015-06-08,-0.007358741227131716,normal
2015-06-09,-0.0012951998821561143,normal
2015-06-10,0.0138394618509394,normal
2015-06-11,0.006952895091727215,normal
2015-06-12,-0.00799905889466047,normal
2015-06-15,-0.004867700126992501,normal
2015-06-16,0.011447552946780914,normal
2015-06-17,0.009653396339314847,normal
2015-06-18,0.011691338507066615,normal
2015-06-19,-0.0034354745986483718,normal
2015-06-22,0.009337915773692087,normal
2015-06-23,0.0008709632040475999,normal
2015-06-24,-0.004261960745608999,normal
2015-06-25,-0.008905220905566086,normal
2015-06-26,-0.009485669241726844,normal
2015-06-29,-0.02888590739263063,large_down
2015-06-30,0.0032893019561393852,normal
2015-07-01,0.0018878528366313286,normal
2015-07-02,0.008529465237022485,normal
2015-07-06,-0.01056047757025703,normal
2015-07-07,-0.013316821014839064,normal
2015-07-08,-0.024731435088164357,normal
2015-07-09,-0.006203646864229958,normal
2015-07-10,0.0050406202254651145,normal
2015-07-13,0.003398118355392057,normal
2015-07-14,0.01598139646748453,normal
2015-07-15,-0.006459527661167313,normal
2015-07-16,-0.0027337357321922996,normal
2015-07-17,-0.010219843098335013,normal
2015-07-20,-0.003872358646154243,normal
2015-07-21,-0.0026895874400527575,normal
2015-07-22,-0.009729251940575242,normal
2015-07-23,-2.108901044790004e-05,normal
2015-07-24,-0.012251210241154342,normal
2015-07-27,-0.013579777221400215,normal
2015-07-28,0.030696402985279585,large_up
2015-07-29,0.021303266398933172,normal
2015-07-30,-0.0014553164936204432,normal
2015-07-31,-0.005694330146571115,normal
2015-08-03,0.01777616730526193,normal
2015-08-04,-0.0069782695906705,normal
2015-08-05,0.001680563598980343,normal
2015-08-06,-0.017763302182369243,normal
2015-08-07,-0.0024659965923126423,normal
2015-08-10,0.01081436721789177,normal
2015-08-11,-0.01475817342675396,normal
2015-08-12,0.0035752890515099137,normal
2015-08-13,-0.012395029396399583,normal
2015-08-14,0.011030743460962127,normal
2015-08-17,0.006061480508081159,normal
2015-08-18,-0.0033251822168472145,normal
2015-08-19,-0.00882846073691543,normal
2015-08-20,-0.027942813061024276,large_down
2015-08-21,-0.017732647549873286,normal
2015-08-24,-0.043185927697800684,large_down
2015-08-25,-0.020423040925473184,normal
2015-08-26,0.03530295503201995,large_up
2015-08-27,0.03549381094057322,large_up
2015-08-28,0.005080749420634486,normal
2015-08-31,-0.002274942374487871,normal
2015-09-01,-0.03652829341698444,large_down
2015-09-02,0.019368392465509126,normal
2015-09-03,0.001925579054625986,normal
2015-09-04,-0.011558632477291001,normal
2015-09-08,0.027135040099259173,large_up
2015-09-09,-0.014102115618131485,normal
2015-09-10,0.0021577839932734283,normal
2015-09-11,0.015573360073432128,normal
2015-09-14,-0.019560282976940117,normal
2015-09-15,0.020717954594756813,normal
2015-09-16,0.01061043488256653,normal
2015-09-17,-0.006784275177371799,normal
2015-09-18,-0.02013251768820813,normal
2015-09-21,0.0015006913470268861,normal
2015-09-22,-0.02250945899346743,normal
2015-09-23,-0.00886739890544917,normal
2015-09-24,0.002810181412516457,normal
2015-09-25,-0.0030837488078405565,normal
2015-09-28,-0.027493044726830257,large_down
2015-09-29,-0.0021108739563850147,normal
2015-09-30,0.023379894523851568,large_up
2015-10-01,-5.120914646651449e-05,normal
2015-10-02,0.027581824294470213,large_up
2015-10-05,0.011286244114630828,normal
2015-10-06,0.008834011706494515,normal
2015-10-07,0.016894144817543345,normal
2015-10-08,0.017581555407157185,normal
2015-10-09,0.015948246881156727,normal
2015-10-12,-0.0122335214708483,normal
2015-10-13,0.0023033378791016295,normal
2015-10-14,-0.004251351663196085,normal
2015-10-15,0.012313141143469057,normal
2015-10-16,-0.004073939357549257,normal
2015-10-19,0.003463309182389614,normal
2015-10-20,0.001860886176224543,normal
2015-10-21,-0.0011839921710041859,normal
2015-10-22,0.023471573658019385,large_up
2015-10-23,0.014986240259851015,normal
2015-10-26,-0.013900487789719872,normal
2015-10-27,-0.007693479288062158,normal
2015-10-28,0.015764333989515638,normal
2015-10-29,-0.007651338852698599,normal
2015-10-30,-0.004113456192171229,normal
2015-11-02,0.02309861658281199,normal
2015-11-03,0.02142704054654629,normal
2015-11-04,-0.002274774994935672,normal
2015-11-05,0.02112519710820443,normal
2015-11-06,0.006517410407892885,normal
2015-11-09,-0.011306784343811643,normal
2015-11-10,-0.006160092164970999,normal
2015-11-11,-0.0073895728351756,normal
2015-11-12,-0.022315939179740146,normal
2015-11-13,-0.011634535939224101,normal
2015-11-16,0.015122073280581889,normal
2015-11-17,-0.005610994289139587,normal
2015-11-18,0.025254600437989733,large_up
2015-11-19,0.0027921112492175853,normal
2015-11-20,-0.0010422817782765857,normal
2015-11-23,-0.0014206197331511569,normal
2015-11-24,0.016954686158414056,normal
2015-11-25,0.001047317009253157,normal
2015-11-27,-0.004921783541685815,normal
2015-11-30,0.0006305463652226854,normal
2015-12-01,0.006768007921408756,normal
2015-12-02,-0.011939833674028955,normal
2015-12-03,-0.015311527681283988,normal
2015-12-04,0.017410688605716373,normal
2015-12-07,-0.0043687933596097284,normal
2015-12-08,-0.003670791217685772,normal
2015-12-09,-0.014322406181683126,normal
2015-12-10,0.007839655049463887,normal
2015-12-11,-0.027614645852937485,large_down
2015-12-14,-0.006377264728272543,normal
2015-12-15,0.011360006014682915,normal
2015-12-16,0.012622532818061973,normal
2015-12-17,-0.0164304586923588,normal
2015-12-18,-0.026573201547030374,large_down
2015-12-21,0.012023047422187058,normal
2015-12-22,0.023178716524782737,normal
2015-12-23,0.02217104002524089,normal
2015-12-24,0.0025229165163193996,normal
2015-12-28,-0.005396494234031085,normal
2015-12-29,0.008577083625534573,normal
2015-12-30,-0.010631281188057071,normal
2015-12-31,-0.017390259250494814,normal
2016-01-04,-0.019120691828035115,normal
2016-01-05,-0.005204016483897499,normal
2016-01-06,-0.03772183724256687,large_down
2016-01-07,-0.04636967522033988,large_down
2016-01-08,-0.013530297698198999,normal
2016-01-11,0.011153298288531616,normal
2016-01-12,0.0005845798177935001,normal
2016-01-13,-0.038804281584915,large_down
2016-01-14,0.01620273602388563,normal
2016-01-15,-0.03518356278960023,large_down
2016-01-19,-0.020867337093901445,normal
2016-01-20,-0.01624474318490556,normal
2016-01-21,0.02925131444758458,large_up
2016-01-22,0.02496911654143046,large_up
2016-01-25,-0.022331208310983144,normal
2016-01-26,0.011158228697068614,normal
2016-01-27,-0.006416344625726686,normal
2016-01-28,-0.002741212148982057,normal
2016-01-29,0.041962651757583555,large_up
2016-02-01,-0.003237684829235644,normal
2016-02-02,-0.04024450638159407,large_down
2016-02-03,0.03221204258778281,large_up
2016-02-04,0.018742975360461083,normal
2016-02-05,-0.04334965445367587,large_down
2016-02-08,-0.009733335047483657,normal
2016-02-09,-0.012732051636184214,normal
2016-02-10,0.005402277287620399,normal
2016-02-11,-0.015680654774052474,normal
2016-02-12,0.015043545869778043,normal
2016-02-16,0.021011563801157374,normal
2016-02-17,0.029667639322172628,large_up
2016-02-18,-0.002211241918380128,normal
2016-02-19,0.009351815969684572,normal
2016-02-22,0.022193801220827113,normal
2016-02-23,-0.026949832733597894,large_down
2016-02-24,0.010096674405827186,normal
2016-02-25,0.006112100426268673,normal
2016-02-26,0.014862305022137442,normal
2016-02-29,-0.00014294552124211493,normal
2016-03-01,0.028197806957113044,large_up
2016-03-02,0.014833339277615298,normal
2016-03-03,0.01508525032435347,normal
2016-03-04,0.006129027394336043,normal
2016-03-07,0.01256268722255113,normal
2016-03-08,-0.029710073230933425,large_down
2016-03-09,0.0060705541850259144,normal
2016-03-10,-0.0011711298319067572,normal
2016-03-11,0.04289197220279358,large_up
2016-03-14,0.008689733137678572,normal
2016-03-15,-0.014228069956297013,normal
2016-03-16,0.019362350378764315,normal
2016-03-17,0.015233177844573773,normal
2016-03-18,0.019406753173834772,normal
2016-03-21,-0.0078187651692675,normal
2016-03-22,-0.0002028670860126285,normal
2016-03-23,-0.018686832749834202,normal
2016-03-24,0.005274555403475428,normal
2016-03-28,-0.0027373727247245565,normal
2016-03-29,0.0174741039602731,normal
2016-03-30,0.004389481277888213,normal
2016-03-31,0.003950289927944572,normal
2016-04-01,-0.00018721577610222861,normal
2016-04-04,-0.00607842706029277,normal
2016-04-05,-0.010179010677368457,normal
2016-04-06,0.026950902429628058,large_up
2016-04-07,-0.03082221253603536,large_down
2016-04-08,0.012213776606324315,normal
2016-04-11,0.0033925814333882003,normal
2016-04-12,0.0166940991362051,normal
2016-04-13,0.013069613283277314,normal
2016-04-14,-0.0017306548612028999,normal
2016-04-15,-0.004549891773367857,normal
2016-04-18,0.0110913275364781,normal
2016-04-19,-0.0009531833253259285,normal
2016-04-20,0.009229231230192371,normal
2016-04-21,-0.007873304967472844,normal
2016-04-22,0.0840129871607737,large_up
2016-04-25,-0.02269447665485001,normal
2016-04-26,0.0174533864763487,normal
2016-04-27,-0.010725426332361827,normal
2016-04-28,-0.03126651447114764,large_down
2016-04-29,-0.014926614177932772,normal
2016-05-02,0.0030050673525246437,normal
2016-05-03,-0.013177634825747856,normal
2016-05-04,-0.010604416792918042,normal
2016-05-05,0.006124041925468886,normal
2016-05-06,0.0004723390145266,normal
2016-05-09,-0.004208357947082428,normal
2016-05-10,0.016071690685428817,normal
2016-05-11,-0.003161637622865014,normal
2016-05-12,-0.0078473541371273,normal
2016-05-13,-8.422188204955742e-05,normal
2016-05-16,0.020445074554756228,normal
2016-05-17,-0.0077823605297285,normal
2016-05-18,0.008366343949526286,normal
2016-05-19,-0.008627645281784928,normal
2016-05-20,0.00629633901820937,normal
2016-05-23,0.012420714284905956,normal
2016-05-24,0.0203653235117342,normal
2016-05-25,0.013575036400582313,normal
2016-05-26,0.005437594383799485,normal
2016-05-27,0.01582720598530073,normal
2016-05-31,-0.0016010173509153,normal
2016-06-01,-0.006331520175056514,normal
2016-06-02,-0.0036362809215710716,normal
2016-06-03,-0.009117668459326973,normal
2016-06-06,0.0244482767634145,large_up
2016-06-07,0.006240917065307385,normal
2016-06-08,-3.8190823060128744e-05,normal
2016-06-09,-0.0035868985255743716,normal
2016-06-10,-0.023912660478259996,normal
2016-06-13,-0.00496545479524757,normal
2016-06-14,-0.0014290811100494143,normal
2016-06-15,-5.5370612778567e-06,normal
2016-06-16,0.009390385956212685,normal
2016-06-17,0.012338676877006002,normal
2016-06-20,0.005663955600388887,normal
2016-06-21,0.011439706152626,normal
2016-06-22,-0.010290850776102428,normal
2016-06-23,0.023789798240950816,large_up
2016-06-24,-0.06019375098882745,large_down
2016-06-27,-0.03800956055222133,large_down
2016-06-28,0.035726756595023626,large_up
2016-06-29,0.018699085155350816,normal
2016-06-30,0.018418477850479655,normal
2016-07-01,-0.0005113648237090857,normal
2016-07-05,-0.022205245747827628,normal
2016-07-06,0.00853067946142017,normal
2016-07-07,0.0060629771276436,normal
2016-07-08,0.017697151194656088,normal
2016-07-11,-0.0015524930249493855,normal
2016-07-12,0.025143849665654312,large_up
2016-07-13,-0.013190165634307385,normal
2016-07-14,0.010013036178368271,normal
2016-07-15,-0.004231132584697457,normal
2016-07-18,0.012335040845434127,normal
2016-07-19,-0.0169453476918979,normal
2016-07-20,0.005093551520918915,normal
2016-07-21,-0.010710588110143485,normal
2016-07-22,0.017802421337795728,normal
2016-07-25,0.013564057962695057,normal
2016-07-26,0.0101424033694803,normal
2016-07-27,0.003337711164188201,normal
2016-07-28,0.004812932397102486,normal
2016-07-29,0.004934128102086,normal
2016-08-01,-0.008332677082318414,normal
2016-08-02,-0.023114398503447552,normal
2016-08-03,0.010692399310948985,normal
2016-08-04,0.005587292065842471,normal
2016-08-05,0.018831558927147374,normal
2016-08-08,0.007728859605141228,normal
2016-08-09,0.005938731295523457,normal
2016-08-10,-0.005467799219860328,normal
2016-08-11,0.015442405080554457,normal
2016-08-12,0.0004541969667072713,normal
2016-08-15,0.013007183240643498,normal
2016-08-16,-0.0071854160468912565,normal
2016-08-17,-0.002890226003826071,normal
2016-08-18,0.011699807484463002,normal
2016-08-19,0.012617531950159458,normal
2016-08-22,-0.008331052950191315,normal
2016-08-23,0.0032017556602153,normal
2016-08-24,-0.008787519762108672,normal
2016-08-25,0.0034640442784893283,normal
2016-08-26,0.014522500507062585,normal
2016-08-29,-0.0007182921587118714,normal
2016-08-30,-0.0048854985280785,normal
2016-08-31,-0.013009943060626774,normal
2016-09-01,-0.0012532760917046,normal
2016-09-02,0.005752788155728157,normal
2016-09-06,-0.010312299642618414,normal
2016-09-07,-0.007876844594398498,normal
2016-09-08,-0.01362801273523096,normal
2016-09-09,-0.03279990225646751,large_down
2016-09-12,0.006665637033244473,normal
2016-09-13,-0.01816574060580973,normal
2016-09-14,0.009887594873898184,normal
2016-09-15,0.012370211125157344,normal
2016-09-16,-0.0014879217902500142,normal
2016-09-19,0.007064558417842685,normal
2016-09-20,-0.005110381440267843,normal
2016-09-21,0.02094164123978843,normal
2016-09-22,0.012716733634150757,normal
2016-09-23,-0.009566338290095242,normal
2016-09-26,-0.011874181738042142,normal
2016-09-27,0.00861933836524473,normal
2016-09-28,0.013496462125194472,normal
2016-09-29,-0.0030615876534538433,normal
2016-09-30,0.0169179745216729,normal
2016-10-03,0.0022402994889647284,normal
2016-10-04,-0.004949892787249886,normal
2016-10-05,0.008620762581969385,normal
2016-10-06,0.0048616001364671,normal
2016-10-07,-0.009747384162553671,normal
2016-10-10,0.010919108816631088,normal
2016-10-11,-0.025336089937600042,normal
2016-10-12,0.004780690155104086,normal
2016-10-13,-0.008341399630175802,normal
2016-10-14,0.008196683281656012,normal
2016-10-17,-0.0085417962862096,normal
2016-10-18,0.0068010947824349854,normal
2016-10-19,0.003828106707628214,normal
2016-10-20,0.004145623462823472,normal
2016-10-21,-0.010279760385057443,normal
2016-10-24,0.01587646455935187,normal
2016-10-25,0.0037736623187679705,normal
2016-10-26,-0.010990914184444601,normal
2016-10-27,-0.007177981766401513,normal
2016-10-28,-0.0011912124828998279,normal
2016-10-31,-0.005812035358390074,normal
2016-11-01,-0.012645997561602758,normal
2016-11-02,-0.014895032099597472,normal
2016-11-03,-0.011382308667410143,normal
2016-11-04,0.0018893752969781573,normal
2016-11-07,0.03003138303104707,large_up
2016-11-08,0.004645862545745242,normal
2016-11-09,0.02050438625654247,normal
2016-11-10,0.005369233814791412,normal
2016-11-11,0.006415529401431871,normal
2016-11-14,0.007076286555752373,normal
2016-11-15,0.01583036823787357,normal
2016-11-16,0.020843382684243184,normal
2016-11-17,0.021788041700786517,normal
2016-11-18,0.0017830696638226845,normal
2016-11-21,0.007862401406567784,normal
2016-11-22,-0.006889377976120115,normal
2016-11-23,0.007705578440395801,normal
2016-11-25,0.0015660534672539712,normal
2016-11-28,-0.009462209361638444,normal
2016-11-29,-0.0030221138527896153,normal
2016-11-30,0.010286170474733559,normal
2016-12-01,-0.016899947118344312,normal
2016-12-02,0.009257518688277658,normal
2016-12-05,0.012134008824900042,normal
2016-12-06,0.024949662151551914,large_up
2016-12-07,0.016005723062732628,normal
2016-12-08,0.021688617630723574,normal
2016-12-09,0.004906004988480513,normal
2016-12-12,-0.000981560408222586,normal
2016-12-13,0.0096133696883765,normal
2016-12-14,-0.01345328996503643,normal
2016-12-15,0.00870059107281,normal
2016-12-16,-0.013707991868093758,normal
2016-12-19,0.008463555912899628,normal
2016-12-20,0.010021645579203629,normal
2016-12-21,-0.0012107842360557716,normal
2016-12-22,-0.0025643398651496144,normal
2016-12-23,0.0051364220293078,normal
2016-12-27,0.00851198704362333,normal
2016-12-28,-0.013544603330578584,normal
2016-12-29,0.0006445504864496999,normal
2016-12-30,-0.01020232811446843,normal
2017-01-03,0.0113156334739148,normal
2017-01-04,0.006649691681561257,normal
2017-01-05,-0.003738010088259671,normal
2017-01-06,0.013132171972080914,normal
2017-01-09,-0.0022998888488860434,normal
2017-01-10,0.008666570567090286,normal
2017-01-11,0.0019150648479568998,normal
2017-01-12,-0.0150005281001286,normal
2017-01-13,0.004655024492207929,normal
2017-01-17,-0.02084735233114594,normal
2017-01-18,0.0051519051766723,normal
2017-01-19,-0.006342907225976728,normal
2017-01-20,0.004769613236588128,normal
2017-01-23,-0.001877813634317243,normal
2017-01-24,0.011420882968407443,normal
2017-01-25,0.006051738741605714,normal
2017-01-26,0.0010594951112299718,normal
2017-01-27,-0.0014580040804817427,normal
2017-01-30,-0.0056993632232724715,normal
2017-01-31,0.001105026116412071,normal
2017-02-01,0.030935404721122776,large_up
2017-02-02,0.006711772513118715,normal
2017-02-03,0.011269015504291885,normal
2017-02-06,0.010804320658262572,normal
2017-02-07,-0.010338272477863342,normal
2017-02-08,0.0039019732274370856,normal
2017-02-09,0.0059029950454536715,normal
2017-02-10,0.003841103934262328,normal
2017-02-13,0.0002898913353624573,normal
2017-02-14,0.003147802386186229,normal
2017-02-15,0.0021671346167987143,normal
2017-02-16,-0.0019835038130570576,normal
2017-02-17,0.008397261316163685,normal
2017-02-21,0.0163042779081236,normal
2017-02-22,-0.0015024474490317999,normal
2017-02-23,0.003415169332344457,normal
2017-02-24,-0.0004238085869790855,normal
2017-02-27,0.011865503675377486,normal
2017-02-28,-0.0157226229190089,normal
2017-03-01,0.024692976042629516,large_up
2017-03-02,-0.018671838410056128,normal
2017-03-03,-0.013513593954351314,normal
2017-03-06,-0.005493110804059185,normal
2017-03-07,-0.0076074550016400995,normal
2017-03-08,-0.0016557861927245004,normal
2017-03-09,0.004352464152228443,normal
2017-03-10,0.009816425510785357,normal
2017-03-13,0.005621422965602414,normal
2017-03-14,-0.007561290276423357,normal
2017-03-15,0.01581306893130523,normal
2017-03-16,-0.005639435582949001,normal
2017-03-17,-0.004897901574388215,normal
2017-03-20,0.007875727079816744,normal
2017-03-21,-0.021134464160023757,normal
2017-03-22,0.0029703258772624573,normal
2017-03-23,-0.0009325459703080431,normal
2017-03-24,-0.0006297663670809141,normal
2017-03-27,-0.003592271764146043,normal
2017-03-28,0.010334443554109358,normal
2017-03-29,0.008236672435711656,normal
2017-03-30,0.005085545070762715,normal
2017-03-31,0.0014903441776644149,normal
2017-04-03,-0.006813182647875801,normal
2017-04-04,-0.0036591632101717997,normal
2017-04-05,-0.009308474333976099,normal
2017-04-06,-0.0029768316232224,normal
2017-04-07,0.0029607342495716,normal
2017-04-10,0.0006482372667265423,normal
2017-04-11,0.004601566359739886,normal
2017-04-12,-0.01061340607016077,normal
2017-04-13,-0.013084296258339572,normal
2017-04-17,0.014596624921138085,normal
2017-04-18,-0.0011792614433423147,normal
2017-04-19,-0.002851598432370428,normal
2017-04-20,0.013079820445182059,normal
2017-04-21,-0.007307416149700857,normal
2017-04-24,0.0147037945547177,normal
2017-04-25,0.00901530116159587,normal
2017-04-26,-0.0004006134754294001,normal
2017-04-27,0.002004315849562057,normal
2017-04-28,-0.01205962981773503,normal
2017-05-01,0.009334587235374142,normal
2017-05-02,-0.03322149368413904,large_down
2017-05-03,0.0024136643996175004,normal
2017-05-04,0.0010885464473568572,normal
2017-05-05,0.011421452128507686,normal
2017-05-08,0.007792712116201957,normal
2017-05-09,-0.0003916082940057289,normal
2017-05-10,0.003213849798421758,normal
2017-05-11,-0.00026208604006808597,normal
2017-05-12,0.0012190417433265142,normal
2017-05-15,0.008368298703045143,normal
2017-05-16,0.018395290136987572,normal
2017-05-17,-0.041231755226904816,large_down
2017-05-18,0.0019510692540267145,normal
2017-05-19,0.02884700116425547,large_up
2017-05-22,0.005928122189821657,normal
2017-05-23,-0.008920521560186528,normal
2017-05-24,-0.005153813927218714,normal
2017-05-25,0.0023795446525527865,normal
2017-05-26,0.0009666448090048858,normal
2017-05-30,0.0001603955476509715,normal
2017-05-31,-0.001592163584955814,normal
2017-06-01,0.006930627610141029,normal
2017-06-02,-0.0016522224228468858,normal
2017-06-05,-0.002273076858511328,normal
2017-06-06,0.01487448709737584,normal
2017-06-07,-0.00030219538573434264,normal
2017-06-08,0.005821948941333014,normal
2017-06-09,-0.009324688644618486,normal
2017-06-12,-0.002599287675569057,normal
2017-06-13,0.005608249248950972,normal
2017-06-14,-0.009674819691557713,normal
2017-06-15,-0.010569711495027955,normal
2017-06-16,-0.0013791945337348571,normal
2017-06-19,0.014818503810957328,normal
2017-06-20,-0.001929885664211929,normal
2017-06-21,0.010191842345849971,normal
2017-06-22,0.01037016619856557,normal
2017-06-23,0.004483948412607515,normal
2017-06-26,-0.002380153789639843,normal
2017-06-27,-0.017064310396890627,normal
2017-06-28,0.00878343797304723,normal
2017-06-29,-0.011760940996375157,normal
2017-06-30,0.0005991745600887287,normal
2017-07-03,0.0022228987091286153,normal
2017-07-05,0.010370167336877886,normal
2017-07-06,-0.012130134204059914,normal
2017-07-07,0.010385781906508159,normal
2017-07-10,0.0070418434944961575,normal
2017-07-11,0.004877738994268371,normal
2017-07-12,0.009183447370581072,normal
2017-07-13,-0.003905629137439385,normal
2017-07-14,0.014841827095602658,normal
2017-07-17,-0.004298179411922114,normal
2017-07-18,-0.0026969515892566005,normal
2017-07-19,0.015575962042939373,normal
2017-07-20,0.0035206690360628573,normal
2017-07-21,-0.002493703597971214,normal
2017-07-24,0.010592842882252942,normal
2017-07-25,0.010494798965580057,normal
2017-07-26,0.002834127220443286,normal
2017-07-27,-0.010936396380378471,normal
2017-07-28,-0.004880545686973157,normal
2017-07-31,-0.008570475477222,normal
2017-08-01,0.0008359585009918709,normal
2017-08-02,0.002015634120311644,normal
2017-08-03,-0.010191441113855115,normal
2017-08-04,0.005672160421409112,normal
2017-08-07,0.0005649191608742431,normal
2017-08-08,-0.008218321089621028,normal
2017-08-09,-0.008570796337000228,normal
2017-08-10,-0.022570044473512456,normal
2017-08-11,0.006779898050793186,normal
2017-08-14,0.012549585368454243,normal
2017-08-15,0.0013419700294650286,normal
2017-08-16,-0.006303591354411685,normal
2017-08-17,-0.02204661398277403,normal
2017-08-18,-0.001984939607570215,normal
2017-08-21,-0.0036585435900850145,normal
2017-08-22,0.0129427950782505,normal
2017-08-23,0.0032515488473237567,normal
2017-08-24,-0.0008841603436040001,normal
2017-08-25,0.007712454778619372,normal
2017-08-28,-0.0034071393271191855,normal
2017-08-29,-0.0006357731645077287,normal
2017-08-30,0.011877265549815798,normal
2017-08-31,0.01207980857505117,normal
2017-09-01,0.0039178594327063,normal
2017-09-05,-0.010976985782541372,normal
2017-09-06,0.002130670764841886,normal
2017-09-07,-0.004469553973352072,normal
2017-09-08,-0.006746992286943186,normal
2017-09-11,0.0170310859718314,normal
2017-09-12,-0.000576748249270786,normal
2017-09-13,-0.0013303135477317428,normal
2017-09-14,-0.00036029872793485746,normal
2017-09-15,0.005999992494393342,normal
2017-09-18,0.0084227335331643,normal
2017-09-19,-0.0012916818404514,normal
2017-09-20,0.008325257618197801,normal
2017-09-21,-0.007243790187735856,normal
2017-09-22,0.005383338396108828,normal
2017-09-25,-0.005292397447541243,normal
2017-09-26,0.005842725603967642,normal
2017-09-27,0.009419772685356428,normal
2017-09-28,0.0018499102535796143,normal
2017-09-29,0.0015785861750236428,normal
2017-10-02,0.0018482130411148004,normal
2017-10-03,0.009169512213365674,normal
2017-10-04,-0.0005090079149512287,normal
2017-10-05,0.009906463967147757,normal
2017-10-06,-0.0021938541416482286,normal
2017-10-09,0.0025610534700627003,normal
2017-10-10,0.0071578181287173135,normal
2017-10-11,0.003613055648795572,normal
2017-10-12,0.0051424139958375715,normal
2017-10-13,0.0029791186108415425,normal
2017-10-16,0.00913664658106933,normal
2017-10-17,-0.0027713921856096996,normal
2017-10-18,0.0022613574552393565,normal
2017-10-19,-0.010814041323928571,normal
2017-10-20,0.0022892731817538287,normal
2017-10-23,7.029263464297143e-05,normal
2017-10-24,-0.0014577728041076288,normal
2017-10-25,-0.02478236194779607,normal
2017-10-26,-0.002320622658250314,normal
2017-10-27,0.015806890252320356,normal
2017-10-30,-0.013455132646399415,normal
2017-10-31,0.008224925175944342,normal
2017-11-01,-0.008278476910089313,normal
2017-11-02,-0.0007686612945779564,normal
2017-11-03,0.011996969138565313,normal
2017-11-06,0.01861545929695414,normal
2017-11-07,0.001217309468374943,normal
2017-11-08,0.013483901397891587,normal
2017-11-09,-0.009184530101461388,normal
2017-11-10,-0.00032586868758597155,normal
2017-11-13,-0.0009097299340219573,normal
2017-11-14,-0.009223383753504243,normal
2017-11-15,-0.009198366385340145,normal
2017-11-16,0.011801519707428872,normal
2017-11-17,0.0010827107168054283,normal
2017-11-20,-0.003326630571638314,normal
2017-11-21,0.007255114749277571,normal
2017-11-22,0.0006447365303411997,normal
2017-11-24,0.0065177330063004284,normal
2017-11-27,-0.0017193881583560998,normal
2017-11-28,0.0033550923448696715,normal
2017-11-29,-0.023497585837006115,normal
2017-11-30,0.007658406058136201,normal
2017-12-01,-0.0068856365277716,normal
2017-12-04,-0.014533389693181659,normal
2017-12-05,-0.005939103994156143,normal
2017-12-06,-0.007489520635880142,normal
2017-12-07,0.0055627426022732,normal
2017-12-08,0.0005099789049610429,normal
2017-12-11,0.008269272270688573,normal
2017-12-12,-0.004090031286883629,normal
2017-12-13,-0.003649103599414158,normal
2017-12-14,-0.0093167448256435,normal
2017-12-15,0.015522166899818803,normal
2017-12-18,0.01736843658829044,normal
2017-12-19,-0.005253270698413472,normal
2017-12-20,0.0023192271103241566,normal
2017-12-21,0.006502415761265157,normal
2017-12-22,-0.0031868972769889424,normal
2017-12-26,-0.0021811330934586146,normal
2017-12-27,0.0021292718885665427,normal
2017-12-28,0.003427688655309943,normal
2017-12-29,-0.011014332283139373,normal
2018-01-02,0.02297216028187603,normal
2018-01-03,0.014993429133228528,normal
2018-01-04,0.018416410058531247,normal
2018-01-05,0.0049083223443250005,normal
2018-01-08,0.005695109661116172,normal
2018-01-09,-0.0033380281141047858,normal
2018-01-10,-0.002958806151323643,normal
2018-01-11,0.01586768631398693,normal
2018-01-12,0.0014133801678101287,normal
2018-01-16,-0.012767671221039858,normal
2018-01-17,0.012531615995701186,normal
2018-01-18,0.0018180690485332142,normal
2018-01-19,0.0081346861200766,normal
2018-01-22,0.006237177010431056,normal
2018-01-23,0.0042391421324959,normal
2018-01-24,-0.004124045167477671,normal
2018-01-25,-0.005853239313698943,normal
2018-01-26,0.010584953125893642,normal
2018-01-29,-0.0079907939919054,normal
2018-01-30,-0.017665761793871228,normal
2018-01-31,0.0061814976404841295,normal
2018-02-01,-0.001684426205489643,normal
2018-02-02,-0.032203389967184325,large_down
2018-02-05,-0.04499175207405704,large_down
2018-02-06,0.0177457979902317,normal
2018-02-07,-0.01059976089542587,normal
2018-02-08,-0.03430241310424266,large_down
2018-02-09,0.005095566268926072,normal
2018-02-12,0.0229547442001504,normal
2018-02-13,0.004886321661181957,normal
2018-02-14,0.024027589505943525,large_up
2018-02-15,0.014718444157307858,normal
2018-02-16,-0.0020678150789854998,normal
2018-02-20,0.0015050489574490857,normal
2018-02-21,-0.008971937240544443,normal
2018-02-22,0.0072520852306834,normal
2018-02-23,0.01774843528202343,normal
2018-02-26,0.013325810067348657,normal
2018-02-27,-0.0073133199059929,normal
2018-02-28,-0.012647171521192628,normal
2018-03-01,-0.020943248289225086,normal
2018-03-02,0.0100066867773626,normal
2018-03-05,0.015356062683263571,normal
2018-03-06,0.003218034364545229,normal
2018-03-07,0.02355322161057567,large_up
2018-03-08,-0.003873259993703543,normal
2018-03-09,0.02042953151665616,normal
2018-03-12,-0.001575405422910643,normal
2018-03-13,-0.0047367563566025,normal
2018-03-14,-0.008320285526690585,normal
2018-03-15,0.0025336194890201,normal
2018-03-16,0.004372837472568414,normal
2018-03-19,-0.018967867305587312,normal
2018-03-20,0.003011428947948157,normal
2018-03-21,0.0072660597569464,normal
2018-03-22,-0.025906173937794257,large_down
2018-03-23,-0.02332566589356933,normal
2018-03-26,0.028099986941595732,large_up
2018-03-27,-0.024066059621202514,normal
2018-03-28,-0.016111036803950315,normal
2018-03-29,0.014970869143724686,normal
2018-04-02,-0.030762763797556443,large_down
2018-04-03,0.01600262469279777,normal
2018-04-04,0.013471625947172498,normal
2018-04-05,0.01265154695893693,normal
2018-04-06,-0.028942890015705075,large_down
2018-04-09,0.008141259481331728,normal
2018-04-10,0.027306605125518153,large_up
2018-04-11,-0.0017666826734910146,normal
2018-04-12,0.008074710056436342,normal
2018-04-13,-0.0069037883271664425,normal
2018-04-16,0.00811239937048787,normal
2018-04-17,0.01295109582320793,normal
2018-04-18,0.006024671094298729,normal
2018-04-19,-0.005247693283415772,normal
2018-04-20,-0.013628475009008783,normal
2018-04-23,-0.0002891114747556288,normal
2018-04-24,-0.015214809121057585,normal
2018-04-25,0.002081443232477257,normal
2018-04-26,0.02279262372598234,normal
2018-04-27,-0.005691758905378086,normal
2018-04-30,-0.0061942279068446585,normal
2018-05-01,0.013442506409296714,normal
2018-05-02,-0.0028839112860055004,normal
2018-05-03,-0.004526038589359357,normal
2018-05-04,0.02098985129166833,normal
2018-05-07,0.010481727106128515,normal
2018-05-08,0.006655372168577743,normal
2018-05-09,0.010290074360973627,normal
2018-05-10,0.014709106927680229,normal
2018-05-11,-0.0036278603641009856,normal
2018-05-14,0.0014888264894820143,normal
2018-05-15,0.0022288745544196426,normal
2018-05-16,0.005666282347302158,normal
2018-05-17,0.007212133259140057,normal
2018-05-18,0.0037262933596868284,normal
2018-05-21,0.004347161852882914,normal
2018-05-22,-0.006422549812080644,normal
2018-05-23,0.004079452271901014,normal
2018-05-24,0.003736390296762443,normal
2018-05-25,-0.014548920483767741,normal
2018-05-29,-0.009484055578693229,normal
2018-05-30,0.015555776296764256,normal
2018-05-31,-0.008579981479477942,normal
2018-06-01,0.02332721288286063,normal
2018-06-04,0.008393123325303172,normal
2018-06-05,0.0046315588043131855,normal
2018-06-06,0.015960889353166814,normal
2018-06-07,-0.010877624428665541,normal
2018-06-08,0.004449310691194371,normal
2018-06-11,0.004655110440497772,normal
2018-06-12,-0.0007580075348786146,normal
2018-06-13,0.0011479032854731285,normal
2018-06-14,0.0051578743008717,normal
2018-06-15,-0.0011255556826033001,normal
2018-06-18,0.011877060695500301,normal
2018-06-19,-0.007124589415041659,normal
2018-06-20,0.00029798951795869993,normal
2018-06-21,-0.01701414185173423,normal
2018-06-22,0.006437498940487443,normal
2018-06-25,-0.026220496828538185,large_down
2018-06-26,0.010310018928865043,normal
2018-06-27,-0.009689621408708186,normal
2018-06-28,0.009085295685358772,normal
2018-06-29,0.0008706229458182857,normal
2018-07-02,0.0028696002334633853,normal
2018-07-03,-0.0030424849799844567,normal
2018-07-05,0.012993120332953386,normal
2018-07-06,0.019191131708471858,normal
2018-07-09,0.013172682697600668,normal
2018-07-10,-0.0004768634636575573,normal
2018-07-11,-0.01811581714876263,normal
2018-07-12,0.012369927788122915,normal
2018-07-13,-0.0001559850224376145,normal
2018-07-16,-0.007346334817799615,normal
2018-07-17,0.007266599359514271,normal
2018-07-18,0.009114918806718358,normal
2018-07-19,-0.003631418104829228,normal
2018-07-20,-0.005902869945851113,normal
2018-07-23,0.002234582331510243,normal
2018-07-24,-0.003601930148010401,normal
2018-07-25,0.010391849869463158,normal
2018-07-26,0.0234365205274648,large_up
2018-07-27,-0.007807599632918813,normal
2018-07-30,0.0002835305919238285,normal
2018-07-31,-0.0007135325726542708,normal
2018-08-01,0.0037818107369161427,normal
2018-08-02,0.017155616791527658,normal
2018-08-03,0.00023515750758427184,normal
2018-08-06,0.012364334015824057,normal
2018-08-07,0.001173130213196743,normal
2018-08-08,0.0008550555274336998,normal
2018-08-09,-0.005878146266627457,normal
2018-08-10,-0.005625953006819387,normal
2018-08-13,-0.0008773104472027997,normal
2018-08-14,0.009761407059652399,normal
2018-08-15,-0.015104517417333227,normal
2018-08-16,0.009660020655812087,normal
2018-08-17,0.0076018360385598,normal
2018-08-20,0.0032095019478231572,normal
2018-08-21,0.011438568171702844,normal
2018-08-22,0.0092357768023423,normal
2018-08-23,0.0049752530332354316,normal
2018-08-24,0.037275097686068556,large_up
2018-08-27,0.012284909546555672,normal
2018-08-28,0.0028407620899253577,normal
2018-08-29,0.005876384922862014,normal
2018-08-30,-0.0027785111021672573,normal
2018-08-31,0.0009445884219775,normal
2018-09-04,0.01342023504204566,normal
2018-09-05,-0.007969578795398372,normal
2018-09-06,-0.011887534591910456,normal
2018-09-07,-0.0024904466517433428,normal
2018-09-10,0.0144640485476412,normal
2018-09-11,0.008599108860262415,normal
2018-09-12,0.010545941401274959,normal
2018-09-13,0.0018689511378050284,normal
2018-09-14,0.01457309927071096,normal
2018-09-17,-0.011165148080226986,normal
2018-09-18,-0.005307824166558486,normal
2018-09-19,-0.002345875013935957,normal
2018-09-20,0.011885430847720913,normal
2018-09-21,0.0021081969851508716,normal
2018-09-24,0.0147282128796892,normal
2018-09-25,0.002815820901013057,normal
2018-09-26,-0.008314633853600458,normal
2018-09-27,0.007706687879140786,normal
2018-09-28,-0.005929600733568914,normal
2018-10-01,0.009265745044272028,normal
2018-10-02,-0.013893121973880285,normal
2018-10-03,-0.0005174467672953858,normal
2018-10-04,-0.01167787951445877,normal
2018-10-05,-0.007125062686064229,normal
2018-10-08,-0.014617131020887986,normal
2018-10-09,0.0035027028368217706,normal
2018-10-10,-0.05433378018935175,large_down
2018-10-11,-0.014443300185530358,normal
2018-10-12,0.022298132859568755,normal
2018-10-15,-0.007955834308160459,normal
2018-10-16,0.0348983165207244,large_up
2018-10-17,-0.008918410439254712,normal
2018-10-18,-0.022589802051940642,normal
2018-10-19,-0.0204462791860306,normal
2018-10-22,0.013780910875580556,normal
2018-10-23,-0.004557144294124156,normal
2018-10-24,-0.05534106725158753,large_down
2018-10-25,-0.005703532490416601,normal
2018-10-26,-0.02571410544901553,large_down
2018-10-29,-0.012728433594760915,normal
2018-10-30,0.01420542629505127,normal
2018-10-31,0.021515731433633157,normal
2018-11-01,0.03809939764545349,large_up
2018-11-02,-0.004318632034476443,normal
2018-11-05,-0.0019933126906476295,normal
2018-11-06,0.012273295547679116,normal
2018-11-07,0.028397538929952542,large_up
2018-11-08,-0.005019111059552643,normal
2018-11-09,-0.0115055521079564,normal
2018-11-12,-0.04060440821888441,large_down
2018-11-13,0.001685119297000257,normal
2018-11-14,-0.0005942794708972707,normal
2018-11-15,0.02524934968591096,large_up
2018-11-16,0.0014219636627370422,normal
2018-11-19,-0.03486653244297229,large_down
2018-11-20,-0.025695753035966218,large_down
2018-11-21,0.018444731225472015,normal
2018-11-23,-0.007512759890564671,normal
2018-11-26,0.016366775989653685,normal
2018-11-27,0.0044963610241743,normal
2018-11-28,0.029630855756391215,large_up
2018-11-29,0.006971932271210957,normal
2018-11-30,-0.001929438727833386,normal
2018-12-03,0.033277989928235545,large_up
2018-12-04,-0.05351359580126414,large_down
2018-12-06,-0.007240194346044545,normal
2018-12-07,-0.0408879026039084,large_down
2018-12-10,0.003959891524296971,normal
2018-12-11,-0.001458290617435971,normal
2018-12-12,0.013007330762826884,normal
2018-12-13,-0.00631838868357817,normal
2018-12-14,-0.020665276872270155,normal
2018-12-17,-0.018770978995458213,normal
2018-12-18,0.005666644695301456,normal
2018-12-19,-0.03085822990873837,large_down
2018-12-20,-0.02250563658282346,normal
2018-12-21,-0.03466092490706491,large_down
2018-12-24,-0.04084208869689968,large_down
2018-12-26,0.0722106959783587,large_up
2018-12-27,0.005197570228480843,normal
2018-12-28,-0.001233108736280171,normal
2018-12-31,0.01477538477556627,normal
2019-01-02,0.004106314833337401,normal
2019-01-03,-0.05190809410068954,large_down
2019-01-04,0.05669778417876804,large_up
2019-01-07,0.027982303942198933,large_up
2019-01-08,0.007734741639511757,normal
2019-01-09,0.014134324463939156,normal
2019-01-10,0.006566364858755357,normal
2019-01-11,0.0014180877686769573,normal
2019-01-14,-0.009629577682345772,normal
2019-01-15,0.013773043633120916,normal
2019-01-16,-0.002632683576749771,normal
2019-01-17,0.011326186787107586,normal
2019-01-18,0.02201908952139663,normal
2019-01-22,-0.019806913708500917,normal
2019-01-23,-0.009591333009102887,normal
2019-01-24,0.010118223740639842,normal
2019-01-25,0.029257114049113263,large_up
2019-01-28,-0.022727386789523404,normal
2019-01-29,-0.0083176005622888,normal
2019-01-30,0.055970251213629085,large_up
2019-01-31,0.01822057697645157,normal
2019-02-01,0.007301414638839271,normal
2019-02-04,0.0060329035379164,normal
2019-02-05,-0.0017426389933979292,normal
2019-02-06,0.0024931671182854566,normal
2019-02-07,-0.0145037909993503,normal
2019-02-08,0.012819610383517114,normal
2019-02-11,-0.0003260717223460859,normal
2019-02-12,0.017011723505855742,normal
2019-02-13,0.002361663637879857,normal
2019-02-14,0.0007799441660944004,normal
2019-02-15,0.012491132070874099,normal
2019-02-19,0.0013882487778518143,normal
2019-02-20,0.0072727868192867,normal
2019-02-21,-0.004036078167221657,normal
2019-02-22,0.008413148171711715,normal
2019-02-25,0.007154441902457087,normal
2019-02-26,-0.004298001489436671,normal
2019-02-27,7.786635514058593e-05,normal
2019-02-28,-0.003216450543212014,normal
2019-03-01,0.0077997330784759025,normal
2019-03-04,-0.006597780465509843,normal
2019-03-05,-0.005265943396939843,normal
2019-03-06,-0.020142629703487187,normal
2019-03-07,-0.0087074704196007,normal
2019-03-08,-0.005314882818696409,normal
2019-03-11,0.02051730626793811,normal
2019-03-12,0.010219623703968573,normal
2019-03-13,0.0028773080711402147,normal
2019-03-14,-0.002047471728477843,normal
2019-03-15,0.0112081262882268,normal
2019-03-18,0.004460995765014086,normal
2019-03-19,0.013257664827307858,normal
2019-03-20,0.00032990613929012813,normal
2019-03-21,0.02653156301168119,large_up
2019-03-22,-0.03495054076622378,large_down
2019-03-25,-0.0012162215094632719,normal
2019-03-26,0.008372657397355345,normal
2019-03-27,-0.008824071303707957,normal
2019-03-28,0.005523077310329929,normal
2019-03-29,0.006357447861963014,normal
2019-04-01,0.020644030976737986,normal
2019-04-02,0.0030871351005876,normal
2019-04-03,0.016336121879352884,normal
2019-04-04,0.003076812694207515,normal
2019-04-05,0.010467126548105,normal
2019-04-08,0.0021866369849475567,normal
2019-04-09,-0.011680557925626172,normal
2019-04-10,0.012250829141349843,normal
2019-04-11,-0.0006735133355300569,normal
2019-04-12,0.008744229130632664,normal
2019-04-15,-0.005152148895800427,normal
2019-04-16,0.0056340850448073,normal
2019-04-17,-0.015162363498854758,normal
2019-04-18,0.005692749530187329,normal
2019-04-22,0.009138328944665429,normal
2019-04-23,0.011429235977614213,normal
2019-04-24,0.0005566151974453568,normal
2019-04-25,-0.01157126432773097,normal
2019-04-26,0.005012405363672372,normal
2019-04-29,0.0014932644270661004,normal
2019-04-30,0.0002466378423230285,normal
2019-05-01,-0.007324695654052014,normal
2019-05-02,-0.011459609516467741,normal
2019-05-03,0.012234476570217043,normal
2019-05-06,-0.009893130284690984,normal
2019-05-07,-0.024490101880049433,normal
2019-05-08,0.0023927909587821276,normal
2019-05-09,-0.0042370655471582,normal
2019-05-10,0.0058438687750191854,normal
2019-05-13,-0.039351004865175655,large_down
2019-05-14,0.0181460646673938,normal
2019-05-15,0.007422517484968728,normal
2019-05-16,0.011726971532457773,normal
2019-05-17,-0.015290407083313274,normal
2019-05-20,-0.01212362509274347,normal
2019-05-21,0.015904435402264886,normal
2019-05-22,-0.012810310260170543,normal
2019-05-23,-0.02987221773362469,large_down
2019-05-24,-0.0025164604415681135,normal
2019-05-28,0.007504965993985315,normal
2019-05-29,-0.0082936086001467,normal
2019-05-30,-0.0007444809715842001,normal
2019-05-31,-0.018523364052387987,normal
2019-06-03,-0.0057546113247300005,normal
2019-06-04,0.03758570948650173,large_up
2019-06-05,-0.0003064036585888858,normal
2019-06-06,0.018638040423649246,normal
2019-06-07,0.016072172877622443,normal
2019-06-10,0.014560656277243258,normal
2019-06-11,0.0009382709028059713,normal
2019-06-12,-0.005414586098819957,normal
2019-06-13,0.0012428775805062714,normal
2019-06-14,-0.018014960612503943,normal
2019-06-17,-0.005856441974118428,normal
2019-06-18,0.024773506045407827,large_up
2019-06-19,0.0057026611976377295,normal
2019-06-20,0.012276100006780742,normal
2019-06-21,-0.006466480236847643,normal
2019-06-24,-0.003069190453365057,normal
2019-06-25,-0.008006691253278686,normal
2019-06-26,0.013235795594015429,normal
2019-06-27,0.009640684149399356,normal
2019-06-28,-0.006681307272267601,normal
2019-07-01,0.019756794674047416,normal
2019-07-02,-0.007452344819626072,normal
2019-07-03,0.008584660018830514,normal
2019-07-05,0.004009824485300858,normal
2019-07-08,-0.013338316955966387,normal
2019-07-09,0.0095309013123658,normal
2019-07-10,0.006492138173091557,normal
2019-07-11,-0.008642840379600416,normal
2019-07-12,0.008195645214072043,normal
2019-07-15,0.0023970101469349575,normal
2019-07-16,-0.0088113088440384,normal
2019-07-17,-0.007225432297040942,normal
2019-07-18,0.0053794002357874,normal
2019-07-19,-0.0058002892042518005,normal
2019-07-22,0.009597588326352772,normal
2019-07-23,0.007775818357954442,normal
2019-07-24,0.012059065302683056,normal
2019-07-25,-0.010906025764833457,normal
2019-07-26,0.002276458740391957,normal
2019-07-29,-0.004859818727116472,normal
2019-07-30,0.005597700778061215,normal
2019-07-31,-0.012748328034235553,normal
2019-08-01,-0.01886279311359127,normal
2019-08-02,-0.019095931277363247,normal
2019-08-05,-0.040653944112856104,large_down
2019-08-06,0.007403630957299101,normal
2019-08-07,0.0018655439066097284,normal
2019-08-08,0.05227309419647282,large_up
2019-08-09,-0.0036152499186730435,normal
2019-08-12,-0.019173825158055196,normal
2019-08-13,0.019350722593849286,normal
2019-08-14,-0.03710961716925327,large_down
2019-08-15,-0.005464345795762829,normal
2019-08-16,0.023135578890450797,normal
2019-08-19,0.0193360994144984,normal
2019-08-20,-0.007450589303596501,normal
2019-08-21,0.013372043210585757,normal
2019-08-22,-0.0021862834277402285,normal
2019-08-23,-0.040004471457227186,large_down
2019-08-26,0.01507800228757927,normal
2019-08-27,-0.0008647938842106572,normal
2019-08-28,0.0008135429656037006,normal
2019-08-29,0.0179172696307608,normal
2019-08-30,0.002999781033817571,normal
2019-09-03,-0.013453096927729415,normal
2019-09-04,0.015458820315967944,normal
2019-09-05,0.018889560569364756,normal
2019-09-06,-0.003846554067762843,normal
2019-09-09,0.0031677094637175573,normal
2019-09-10,-0.002907127180161014,normal
2019-09-11,0.01849708584450083,normal
2019-09-12,0.0023124771188784998,normal
2019-09-13,-0.004990826979944871,normal
2019-09-16,0.014441738956020802,normal
2019-09-17,-0.0034879967486918426,normal
2019-09-18,-0.0034810903987822855,normal
2019-09-19,-0.004525398375967528,normal
2019-09-20,-0.0020318835955045857,normal
2019-09-23,0.004380336990435899,normal
2019-09-24,-0.014552536732916645,normal
2019-09-25,0.001789970250562571,normal
2019-09-26,-0.004730418448749528,normal
2019-09-27,-0.015180274909021598,normal
2019-09-30,0.012034233076144528,normal
2019-10-01,-0.013272607891088915,normal
2019-10-02,-0.020373174058989,normal
2019-10-03,0.014426615610807072,normal
2019-10-04,0.01681314054019333,normal
2019-10-07,-0.0057284063802411,normal
2019-10-08,-0.019307407957786456,normal
2019-10-09,0.01604419603643546,normal
2019-10-10,0.005990889402106516,normal
2019-10-11,0.020901154889416556,normal
2019-10-14,0.0038504645336463286,normal
2019-10-15,0.006445385365300714,normal
2019-10-16,-0.005214570461756743,normal
2019-10-17,0.0028999813496283283,normal
2019-10-18,-0.005796151886163457,normal
2019-10-21,0.012789682213846085,normal
2019-10-22,-0.0019163707551690856,normal
2019-10-23,0.002847451095057714,normal
2019-10-24,0.0055881476250796,normal
2019-10-25,0.008267374561749887,normal
2019-10-28,0.011614956174307299,normal
2019-10-29,-0.0006791448531197577,normal
2019-10-30,-0.0030115980895199716,normal
2019-10-31,0.006378539282677329,normal
2019-11-01,0.020878449478113816,normal
2019-11-04,0.01007788194889664,normal
2019-11-05,0.0025676060625873147,normal
2019-11-06,-0.0023899704713858144,normal
2019-11-07,0.00696498591968863,normal
2019-11-08,0.0050296938362926,normal
2019-11-11,0.0017215472194589858,normal
2019-11-12,0.004961782539918129,normal
2019-11-13,-0.002622175420354957,normal
2019-11-14,0.00029803316613272825,normal
2019-11-15,0.009366563071815456,normal
2019-11-18,0.0006495334930882148,normal
2019-11-19,0.0054573961362412,normal
2019-11-20,-0.0015706527841518286,normal
2019-11-21,-0.007173601573798328,normal
2019-11-22,-0.004859357636588501,normal
2019-11-25,0.012573655944445613,normal
2019-11-26,-0.00399994756333757,normal
2019-11-27,0.012938976679988359,normal
2019-11-29,-0.0048810398982793435,normal
2019-12-02,-0.010606302047513286,normal
2019-12-03,-0.01000822793741867,normal
2019-12-04,0.014726437427531745,normal
2019-12-05,0.0038405836296578144,normal
2019-12-06,0.012022730765567988,normal
2019-12-09,-0.009422199672448455,normal
2019-12-10,0.004011691854520186,normal
2019-12-11,0.004114940700422614,normal
2019-12-12,0.0204251516671367,normal
2019-12-13,-0.004479172199379887,normal
2019-12-16,0.01760456133834256,normal
2019-12-17,-0.0005349123005230286,normal
2019-12-18,-0.001850866333622786,normal
2019-12-19,-0.00021626784425038585,normal
2019-12-20,0.003818325782743957,normal
2019-12-23,0.011696193217407957,normal
2019-12-24,0.004200207193803414,normal
2019-12-26,0.0036974514175664576,normal
2019-12-27,-0.004449926981682257,normal
2019-12-30,-0.004717186025274086,normal
2019-12-31,0.004324145070270609,normal
2020-01-02,0.022018558871855744,normal
2020-01-03,-0.004331720730686186,normal
2020-01-06,0.0013376303481341574,normal
2020-01-07,0.0016036871614616287,normal
2020-01-08,-0.0036127378854449157,normal
2020-01-09,0.011744291695811529,normal
2020-01-10,-0.006972066085393272,normal
2020-01-13,0.006683612403745715,normal
2020-01-14,-0.0036848058397020997,normal
2020-01-15,0.0014040009508651857,normal
2020-01-16,0.0098564463279736,normal
2020-01-17,0.002829581917131215,normal
2020-01-21,-0.0037725321007118858,normal
2020-01-22,0.0021852326655866713,normal
2020-01-23,0.0001224579985757146,normal
2020-01-24,-0.013296371811171341,normal
2020-01-27,-0.02387959774872264,normal
2020-01-28,0.013300607749166712,normal
2020-01-29,-0.018202123578369322,normal
2020-01-30,0.005616890971296528,normal
2020-01-31,-0.029281271720441766,large_down
2020-02-03,0.006409868291646558,normal
2020-02-04,0.02239105846983343,normal
2020-02-05,0.013323442865521286,normal
2020-02-06,-0.0031281272461106844,normal
2020-02-07,-0.011633338277271959,normal
2020-02-10,0.006514492963415014,normal
2020-02-11,0.012252052055852886,normal
2020-02-12,0.019952175423415004,normal
2020-02-13,0.008802818813288473,normal
2020-02-14,0.005393892505334829,normal
2020-02-18,-0.0015181382278582993,normal
2020-02-19,0.017310028178594984,normal
2020-02-20,-0.004874109422627228,normal
2020-02-21,-0.026635113632861956,large_down
2020-02-24,-0.04837162738167323,large_down
2020-02-25,-0.038539400065993,large_down
2020-02-26,-0.002560700085992243,normal
2020-02-27,-0.04647541897492224,large_down
2020-02-28,0.006052516060751628,normal
2020-03-02,0.040541229747045084,large_up
2020-03-03,-0.02584401847644207,large_down
2020-03-04,0.040820789772675004,large_up
2020-03-05,-0.033742042691237976,large_down
2020-03-06,-0.022984846017162885,normal
2020-03-09,-0.12294345284364393,large_down
2020-03-10,0.06540253801964677,large_up
2020-03-11,-0.04536249741410088,large_down
2020-03-12,-0.09734638143338319,large_down
2020-03-13,0.10596529404880152,large_up
2020-03-16,-0.11168857173434481,large_down
2020-03-17,0.03579304722550886,large_up
2020-03-18,-0.07294213322721875,large_down
2020-03-19,0.01257451025797036,normal
2020-03-20,-0.03623024381810541,large_down
2020-03-23,-0.011176957798979231,normal
2020-03-24,0.12621716790184873,large_up
2020-03-25,-0.0007195694005055858,normal
2020-03-26,0.06352786484458892,large_up
2020-03-27,-0.04571268083386732,large_down
2020-03-30,0.03391478025560434,large_up
2020-03-31,-0.010297936901033101,normal
2020-04-01,-0.050226631338303844,large_down
2020-04-02,0.023488795820065297,large_up
2020-04-03,-0.018220477607707654,normal
2020-04-06,0.08046220102000376,large_up
2020-04-07,-0.0064284176900620705,normal
2020-04-08,0.061552470336908846,large_up
2020-04-09,0.021972298618031516,normal
2020-04-13,-0.005627432448220686,normal
2020-04-14,0.030808125640886048,large_up
2020-04-15,-0.03190969840265946,large_down
2020-04-16,0.006119558287088715,normal
2020-04-17,0.03753649851460616,large_up
2020-04-20,-0.01393748391948863,normal
2020-04-21,-0.037483378943642724,large_down
2020-04-22,0.04244633832398525,large_up
2020-04-23,0.0055972296094643275,normal
2020-04-24,0.018004253265081673,normal
2020-04-27,0.01786354126473867,normal
2020-04-28,-0.00461649752859733,normal
2020-04-29,0.03885334943046643,large_up
2020-04-30,-0.002855391249672701,normal
2020-05-01,-0.041293783066383885,large_down
2020-05-04,0.017670117145689987,normal
2020-05-05,0.009415208948457942,normal
2020-05-06,-0.008420055986186344,normal
2020-05-07,0.022254685609876586,normal
2020-05-08,0.024973758235575284,large_up
2020-05-11,0.0037370689062449424,normal
2020-05-12,-0.02985319138332838,large_down
2020-05-13,-0.028200818756054975,large_down
2020-05-14,0.013857733077278929,normal
2020-05-15,0.002590878544365758,normal
2020-05-18,0.046495320186588265,large_up
2020-05-19,-0.01081520824922466,normal
2020-05-20,0.021696513756679112,normal
2020-05-21,-0.005068620596978857,normal
2020-05-22,0.001760182964812543,normal
2020-05-26,0.01498219874371994,normal
2020-05-27,0.0086657245025983,normal
2020-05-28,-0.01049110316311763,normal
2020-05-29,0.013149190172338458,normal
2020-06-01,0.011683591742058814,normal
2020-06-02,0.008851924376651943,normal
2020-06-03,0.013121898146141555,normal
2020-06-04,-0.0038981097908992,normal
2020-06-05,0.034081421461886384,large_up
2020-06-08,0.02288389779625539,normal
2020-06-09,-0.00237015564091917,normal
2020-06-10,-0.011740990653962642,normal
2020-06-11,-0.0731395917203681,large_down
2020-06-12,0.01592224439115323,normal
2020-06-15,0.012447300889750256,normal
2020-06-16,0.023259003057660516,normal
2020-06-17,-0.008802175719690757,normal
2020-06-18,0.00018249148290028563,normal
2020-06-19,0.0012851935938604571,normal
2020-06-22,0.012049188035120185,normal
2020-06-23,0.003021463472618843,normal
2020-06-24,-0.03726022183542473,large_down
2020-06-25,0.013534051902292229,normal
2020-06-26,-0.023887889678725256,normal
2020-06-29,0.015983847002039985,normal
2020-06-30,0.0274250901121918,large_up
2020-07-01,-0.014187094745230198,normal
2020-07-02,0.005462609868427386,normal
2020-07-06,0.0096532212113705,normal
2020-07-07,-0.016716232192972216,normal
2020-07-08,0.01452644206692817,normal
2020-07-09,-0.004546894471594527,normal
2020-07-10,-0.0008466733422789563,normal
2020-07-13,-0.01596491391236144,normal
2020-07-14,0.02307791373845803,normal
2020-07-15,0.018359270567756058,normal
2020-07-16,-0.004868278218123171,normal
2020-07-17,0.004175166877922886,normal
2020-07-20,0.012988053207187057,normal
2020-07-21,0.005383234488482598,normal
2020-07-22,0.0172259674560741,normal
2020-07-23,-0.012280038923471298,normal
2020-07-24,0.011813613561590929,normal
2020-07-27,0.011697863898930572,normal
2020-07-28,-0.020995734282102902,normal
2020-07-29,0.04069592932872977,large_up
2020-07-30,-0.004562602908063958,normal
2020-07-31,0.021125519044292055,normal
2020-08-03,0.011794227262742213,normal
2020-08-04,0.017575839592943416,normal
2020-08-05,0.02335795387726953,large_up
2020-08-06,0.010983521354962557,normal
2020-08-07,-0.012904507988365514,normal
2020-08-10,0.0018182184065728432,normal
2020-08-11,-0.015943085893995443,normal
2020-08-12,0.020926959865780314,normal
2020-08-13,0.002227658485346343,normal
2020-08-14,-0.0020066090454464286,normal
2020-08-17,0.0008590810735928286,normal
2020-08-18,-0.007646688433749029,normal
2020-08-19,-0.0070121330123891715,normal
2020-08-20,0.007113333420992885,normal
2020-08-21,0.005520966424356487,normal
2020-08-24,0.008776275768397629,normal
2020-08-25,0.005735802996022228,normal
2020-08-26,-0.007511217847572743,normal
2020-08-27,0.00427261558513676,normal
2020-08-28,0.008089618636953401,normal
2020-08-31,0.007027776164132644,normal
2020-09-01,0.007557246392830286,normal
2020-09-02,0.009525553442681316,normal
2020-09-03,-0.04321404261048706,large_down
2020-09-04,-0.006126849573800914,normal
2020-09-08,-0.037989375500603786,large_down
2020-09-09,0.031130776260214675,large_up
2020-09-10,-0.027855964724556568,large_down
2020-09-11,-0.003980064877650158,normal
2020-09-14,0.015335510124610057,normal
2020-09-15,0.004800729866962414,normal
2020-09-16,-0.010996906518134083,normal
2020-09-17,-0.006101486638739386,normal
2020-09-18,-0.013805320890579374,normal
2020-09-21,-0.005921050491119941,normal
2020-09-22,0.005166463609756799,normal
2020-09-23,-0.031079705148134757,large_down
2020-09-24,0.0015178497671651432,normal
2020-09-25,0.023364926029595615,large_up
2020-09-28,0.018532849133109354,normal
2020-09-29,-0.0008171398640313427,normal
2020-09-30,0.007623870109240899,normal
2020-10-01,0.0017331434771880865,normal
2020-10-02,-0.022475744792257644,normal
2020-10-05,0.029340590166897645,large_up
2020-10-06,-0.016902809801573486,normal
2020-10-07,0.016120526197598187,normal
2020-10-08,0.004958320334866587,normal
2020-10-09,-0.002366262608684657,normal
2020-10-12,0.01955498719885656,normal
2020-10-13,-0.006439636839045372,normal
2020-10-14,-0.0006161853278710287,normal
2020-10-15,0.005325398998896056,normal
2020-10-16,0.0028630367815871563,normal
2020-10-19,-0.017341577061740828,normal
2020-10-20,0.008674770132648255,normal
2020-10-21,-0.014469239414444212,normal
2020-10-22,0.01928669103162417,normal
2020-10-23,0.0011630415519253427,normal
2020-10-26,-0.017681400273579947,normal
2020-10-27,-0.011025962963259745,normal
2020-10-28,-0.036155312013749184,large_down
2020-10-29,0.016484834594623857,normal
2020-10-30,-0.016273469406497914,normal
2020-11-02,0.01361497484609957,normal
2020-11-03,0.013562555376931741,normal
2020-11-04,0.018209447717103828,normal
2020-11-05,0.0266168142311195,large_up
2020-11-06,0.005645723290408857,normal
2020-11-09,0.028437024685522016,large_up
2020-11-10,-0.01182508272983183,normal
2020-11-11,0.008568127202130444,normal
2020-11-12,-0.013563529257823071,normal
2020-11-13,0.017995025197678313,normal
2020-11-16,0.0220136814513244,normal
2020-11-17,0.0008418529765515289,normal
2020-11-18,-0.012495677104604112,normal
2020-11-19,0.015092765093325928,normal
2020-11-20,-0.006130674365032829,normal
2020-11-23,0.012459437493033998,normal
2020-11-24,0.01975738239130306,normal
2020-11-25,0.0035227270744407715,normal
2020-11-27,-0.0008139980181026713,normal
2020-11-30,-3.503327947541284e-05,normal
2020-12-01,0.010948193714101686,normal
2020-12-02,0.006563402721646757,normal
2020-12-03,0.0049574851313955145,normal
2020-12-04,0.02040302929308182,normal
2020-12-07,-0.002633501763620872,normal
2020-12-08,-0.0004218007668664857,normal
2020-12-09,-0.008965798336417799,normal
2020-12-10,0.016024044252975357,normal
2020-12-11,-0.00791099550776433,normal
2020-12-14,-0.0003220081792032585,normal
2020-12-15,0.025984052896844956,large_up
2020-12-16,-0.00013382732116354275,normal
2020-12-17,0.0102457162814549,normal
2020-12-18,-0.005627323221832771,normal
2020-12-21,-0.013429191303530444,normal
2020-12-22,-0.0021514522710531134,normal
2020-12-23,0.002400700961571229,normal
2020-12-24,0.002364427897995914,normal
2020-12-28,0.0010718179856031714,normal
2020-12-29,-0.006295129721464642,normal
2020-12-30,0.0066687382852703425,normal
2020-12-31,0.00019876505189130034,normal
