basket,mean_pairwise_corr,config,label,use_context,learn_corr,best_val_nll,best_epoch,final_val_nll,best_val_loss,delta_vs_independent
same-sector,0.7921648383140564,exp3_independent,"Independent (no context, R=I)",False,False,-9.151424407958984,16,-9.062180519104004,-9.160198211669922,0.0
same-sector,0.7921648383140564,exp3_corr_only,Correlation only,False,True,-10.90868854522705,4,-8.912857055664062,-10.91712474822998,-1.7572641372680664
same-sector,0.7921648383140564,exp3_context_only,Context only (R=I),True,False,-9.164470672607422,18,-9.000173568725586,-9.17309856414795,-0.0130462646484375
same-sector,0.7921648383140564,exp3_full,Full joint (context + R),True,True,-10.673516273498535,4,-9.37222385406494,-10.680590629577637,-1.5220918655395508
concentrated,0.3001258398095767,exp3_independent_conc,"Independent (no context, R=I)",False,False,-7.103699207305908,16,-7.041879177093506,-7.163527011871338,0.0
concentrated,0.3001258398095767,exp3_corr_only_conc,Correlation only,False,True,-7.148412227630615,16,-7.114156723022461,-7.20779275894165,-0.04471302032470703
concentrated,0.3001258398095767,exp3_context_only_conc,Context only (R=I),True,False,-7.1011505126953125,16,-7.089911460876465,-7.1612162590026855,0.002548694610595703
concentrated,0.3001258398095767,exp3_full_conc,Full joint (context + R),True,True,-7.110804557800293,16,-7.103301048278809,-7.171081066131592,-0.007105350494384766
diversified,0.19857564568519592,exp3_independent_div,"Independent (no context, R=I)",False,False,-6.566141605377197,15,-6.556976795196533,-6.628569602966309,0.0
diversified,0.19857564568519592,exp3_corr_only_div,Correlation only,False,True,-6.695772171020508,15,-6.688713550567627,-6.758789539337158,-0.12963056564331055
diversified,0.19857564568519592,exp3_context_only_div,Context only (R=I),True,False,-6.615274429321289,14,-6.615100860595703,-6.677046775817871,-0.0491328239440918
diversified,0.19857564568519592,exp3_full_div,Full joint (context + R),True,True,-6.678013801574707,16,-6.67254114151001,-6.739701271057129,-0.11187219619750977
