basket,period,mean_pairwise_corr,corr_ceiling,config,label,nll_mean,nll_std,delta_mean,delta_std
concentrated,2015-2017,0.3001258398095767,0.24708913511791566,exp3_independent,"Independent (no context, R=I)",-6.05508812268575,0.9531069400866934,0.0,0.0
concentrated,2015-2017,0.3001258398095767,0.24708913511791566,exp3_corr_only,Correlation only,-6.226370016733806,1.036443185231028,-0.17128189404805502,0.15883569727263994
concentrated,2015-2017,0.3001258398095767,0.24708913511791566,exp3_context_only,Context only (R=I),-6.225560108820598,0.7346794932132442,-0.17047198613484715,0.2649377614215987
concentrated,2015-2017,0.3001258398095767,0.24708913511791566,exp3_full,Full joint (context + R),-6.407832860946655,0.7870589230119049,-0.35274473826090497,0.244510071206058
concentrated,2018-2020,0.537883996963501,0.7093393076798257,exp3_independent,"Independent (no context, R=I)",-6.271645784378052,0.34409500485852096,0.0,0.0
concentrated,2018-2020,0.537883996963501,0.7093393076798257,exp3_corr_only,Correlation only,-6.676882187525432,0.46188116421151487,-0.4052364031473797,0.2438982494502906
concentrated,2018-2020,0.537883996963501,0.7093393076798257,exp3_context_only,Context only (R=I),-6.268632809321086,0.31608890043389126,0.0030129750569659977,0.06726597123861033
concentrated,2018-2020,0.537883996963501,0.7093393076798257,exp3_full,Full joint (context + R),-6.673986514409383,0.4638114649929599,-0.40234073003133153,0.2523353240365433
concentrated,2014-2020,0.4135422060887019,0.4281264429899868,exp3_independent,"Independent (no context, R=I)",-6.15560785929362,0.14466259876593257,0.0,0.0
concentrated,2014-2020,0.4135422060887019,0.4281264429899868,exp3_corr_only,Correlation only,-6.520578066507976,0.11310019372916062,-0.36497020721435547,0.13936960407383772
concentrated,2014-2020,0.4135422060887019,0.4281264429899868,exp3_context_only,Context only (R=I),-6.204346577326457,0.14734461805117177,-0.048738718032836914,0.02798039188401301
concentrated,2014-2020,0.4135422060887019,0.4281264429899868,exp3_full,Full joint (context + R),-6.543381055196126,0.09009048498213812,-0.38777319590250653,0.13563850095374802
diversified,2015-2017,0.19857564568519592,0.1067275459642205,exp3_independent,"Independent (no context, R=I)",-5.999464829762776,0.6458942501048722,0.0,0.0
diversified,2015-2017,0.19857564568519592,0.1067275459642205,exp3_corr_only,Correlation only,-5.9912333488464355,0.7950327440454429,0.008231480916341146,0.18556061283259687
diversified,2015-2017,0.19857564568519592,0.1067275459642205,exp3_context_only,Context only (R=I),-6.138054450352986,0.5791410278943231,-0.13858962059020996,0.09806632397327379
diversified,2015-2017,0.19857564568519592,0.1067275459642205,exp3_full,Full joint (context + R),-6.140502691268921,0.6585482152479291,-0.1410378615061442,0.12775881750699988
diversified,2018-2020,0.4324113726615906,0.543815589846151,exp3_independent,"Independent (no context, R=I)",-6.193553447723389,0.2931821601282514,0.0,0.0
diversified,2018-2020,0.4324113726615906,0.543815589846151,exp3_corr_only,Correlation only,-6.528908809026082,0.29446638145589477,-0.33535536130269367,0.09258208756419378
diversified,2018-2020,0.4324113726615906,0.543815589846151,exp3_context_only,Context only (R=I),-6.231168349583943,0.2627365458847345,-0.037614901860555015,0.06009786603601996
diversified,2018-2020,0.4324113726615906,0.543815589846151,exp3_full,Full joint (context + R),-6.552025556564331,0.26553358594759424,-0.3584721088409424,0.08778777257752803
diversified,2014-2020,0.33215917895237607,0.29820183765721864,exp3_independent,"Independent (no context, R=I)",-6.2817098299662275,0.13788154017622925,0.0,0.0
diversified,2014-2020,0.33215917895237607,0.29820183765721864,exp3_corr_only,Correlation only,-6.514151334762573,0.17764849774480865,-0.23244150479634604,0.1152438929924477
diversified,2014-2020,0.33215917895237607,0.29820183765721864,exp3_context_only,Context only (R=I),-6.314103285471599,0.16236236337894286,-0.032393455505371094,0.07218660426339754
diversified,2014-2020,0.33215917895237607,0.29820183765721864,exp3_full,Full joint (context + R),-6.518859942754109,0.15675925540954244,-0.23715011278788248,0.11832595025877858
