Date,00116101,00169001,00177301,00187801
2014-12-31,2.67,27.59,57.89,60.06
2015-01-02,2.69,27.33,57.44,59.53
2015-01-05,2.66,26.56,56.49,58.66
2015-01-06,2.63,26.57,54.88,57.5
2015-01-07,2.58,26.94,55.39,57.38
2015-01-08,2.61,27.97,56.73,58.8
2015-01-09,2.63,28.0,56.23,58.27
2015-01-12,2.63,27.31,55.44,57.29
2015-01-13,2.66,27.56,55.32,57.34
2015-01-14,2.63,27.45,55.24,56.41
2015-01-15,2.52,26.7,54.27,55.71
2015-01-16,2.39,26.5,55.58,56.85
2015-01-20,2.24,27.18,55.53,57.1
2015-01-21,2.45,27.39,56.36,57.55
2015-01-22,2.47,28.1,57.26,58.27
2015-01-23,2.45,28.25,56.85,58.19
2015-01-26,2.61,28.27,57.3,58.23
2015-01-27,2.7,27.28,56.3,56.15
2015-01-28,2.63,28.83,55.78,54.59
2015-01-29,2.61,29.73,55.86,55.36
2015-01-30,2.57,29.29,55.04,54.01
2015-02-02,2.67,29.66,55.26,54.12
2015-02-03,2.76,29.66,57.21,54.92
2015-02-04,2.85,29.89,57.02,56.44
2015-02-05,3.31,29.98,57.48,56.23
2015-02-06,3.03,29.73,58.54,57.07
2015-02-09,3.04,29.93,58.26,57.34
2015-02-10,3.04,30.5,59.1,58.5
2015-02-11,3.07,31.22,60.09,58.3
2015-02-12,3.12,31.61,61.2,59.07
2015-02-13,3.15,31.77,61.98,60.67
2015-02-17,3.11,31.96,62.13,61.13
2015-02-18,3.08,32.18,61.99,61.11
2015-02-19,3.06,32.11,62.11,61.46
2015-02-20,3.06,32.37,62.78,62.37
2015-02-23,3.06,33.25,62.48,61.95
2015-02-24,3.11,33.04,62.93,62.07
2015-02-25,3.1,32.2,62.76,62.01
2015-02-26,3.08,32.6,63.0,61.01
2015-02-27,3.11,32.12,61.96,64.24
2015-03-02,3.21,32.27,62.98,64.0
2015-03-03,3.14,32.34,63.48,62.7
2015-03-04,3.05,32.13,63.27,62.52
2015-03-05,2.98,31.6,62.56,62.95
2015-03-06,2.92,31.65,61.61,61.74
2015-03-09,2.93,31.78,61.72,61.76
2015-03-10,2.92,31.13,60.41,59.64
2015-03-11,2.84,30.56,60.52,59.88
2015-03-12,2.76,31.11,60.57,60.14
2015-03-13,2.75,30.9,59.68,60.48
2015-03-16,2.76,31.24,60.72,61.5
2015-03-17,2.77,31.76,60.94,61.43
2015-03-18,2.75,32.12,62.16,61.63
2015-03-19,2.74,31.87,62.07,61.0
2015-03-20,2.8,31.48,63.92,60.98
2015-03-23,2.84,31.8,64.67,60.83
2015-03-24,2.79,31.67,63.95,61.07
2015-03-25,2.63,30.84,61.35,59.35
2015-03-26,2.65,31.06,60.13,58.72
2015-03-27,2.72,30.81,61.1,58.72
2015-03-30,2.7,31.59,62.81,59.3
2015-03-31,2.68,31.11,61.15,58.64
2015-04-01,2.69,31.06,60.58,58.74
2015-04-02,2.69,31.33,60.5,59.82
2015-04-06,2.7,31.84,61.28,59.71
2015-04-07,2.7,31.5,60.68,60.69
2015-04-08,2.71,31.4,61.28,61.83
2015-04-09,2.72,31.64,61.56,62.81
2015-04-10,2.76,31.77,61.21,62.74
2015-04-13,2.78,31.71,60.96,61.77
2015-04-14,2.67,31.58,61.03,62.01
2015-04-15,2.7,31.7,62.2,61.51
2015-04-16,2.87,31.54,62.12,61.66
2015-04-17,2.58,31.19,60.75,60.35
2015-04-20,2.49,31.9,62.09,61.04
2015-04-21,2.35,31.73,62.46,61.61
2015-04-22,2.28,32.16,63.18,62.13
2015-04-23,2.33,32.42,62.41,62.75
2015-04-24,2.3,32.57,61.95,62.64
2015-04-27,2.34,33.16,62.13,60.6
2015-04-28,2.31,32.64,62.19,60.66
2015-04-29,2.28,32.16,62.96,59.54
2015-04-30,2.26,31.29,59.71,56.83
2015-05-01,2.31,32.24,62.45,57.58
2015-05-04,2.31,32.17,61.48,57.76
2015-05-05,2.28,31.45,61.03,56.74
2015-05-06,2.29,31.25,60.88,56.19
2015-05-07,2.32,31.32,60.95,56.35
2015-05-08,2.31,31.91,61.6,57.26
2015-05-11,2.32,31.58,61.45,57.45
2015-05-12,2.35,31.47,61.06,56.8
2015-05-13,2.37,31.5,61.75,58.69
2015-05-14,2.33,32.24,63.17,58.98
2015-05-15,2.32,32.19,62.78,58.8
2015-05-18,2.35,32.55,63.77,58.4
2015-05-19,2.28,32.52,63.56,57.52
2015-05-20,2.32,32.52,63.38,57.58
2015-05-21,2.28,32.85,62.38,57.51
2015-05-22,2.28,33.13,62.18,56.39
2015-05-26,2.22,32.41,60.48,55.08
2015-05-27,2.28,33.01,61.05,55.49
2015-05-28,2.27,32.94,61.24,54.55
2015-05-29,2.28,32.57,60.79,54.15
2015-06-01,2.25,32.63,60.82,54.39
2015-06-02,2.3,32.49,60.47,54.35
2015-06-03,2.28,32.53,61.04,54.94
2015-06-04,2.33,32.34,59.14,53.73
2015-06-05,2.33,32.16,58.82,54.61
2015-06-08,2.31,31.95,58.06,54.24
2015-06-09,2.29,31.86,58.1,53.92
2015-06-10,2.32,32.22,59.06,54.97
2015-06-11,2.32,32.15,59.45,54.48
2015-06-12,2.31,31.79,59.05,54.06
2015-06-15,2.32,31.73,58.69,53.56
2015-06-16,2.35,31.9,59.03,53.44
2015-06-17,2.47,31.82,58.77,53.58
2015-06-18,2.52,31.97,59.75,54.16
2015-06-19,2.58,31.65,59.31,53.57
2015-06-22,2.62,31.9,60.25,54.55
2015-06-23,2.61,31.76,60.26,54.09
2015-06-24,2.62,32.03,59.66,53.91
2015-06-25,2.58,31.88,59.02,53.3
2015-06-26,2.47,31.69,57.67,52.2
2015-06-29,2.34,31.13,56.06,50.41
2015-06-30,2.4,31.36,55.8,50.08
2015-07-01,2.42,31.65,55.94,50.38
2015-07-02,2.53,31.61,56.76,50.83
2015-07-06,2.47,31.5,55.91,50.95
2015-07-07,2.09,31.42,56.27,53.29
2015-07-08,2.01,30.64,54.65,52.48
2015-07-09,1.98,30.02,53.88,52.46
2015-07-10,1.96,30.82,54.54,52.51
2015-07-13,1.96,31.41,54.52,52.84
2015-07-14,2.05,31.4,55.08,53.3
2015-07-15,1.96,31.7,54.92,52.58
2015-07-16,1.87,32.13,55.18,52.5
2015-07-17,1.79,32.41,54.75,52.19
2015-07-20,1.8,33.02,54.76,51.85
2015-07-21,1.8,32.69,54.62,52.12
2015-07-22,1.79,31.3,53.0,52.0
2015-07-23,1.76,31.29,53.89,52.34
2015-07-24,1.67,31.12,53.23,51.78
2015-07-27,1.62,30.69,52.83,51.05
2015-07-28,1.77,30.84,56.34,50.89
2015-07-29,1.96,30.75,58.41,50.09
2015-07-30,1.93,30.59,58.21,50.6
2015-07-31,1.93,30.32,58.15,50.58
2015-08-03,2.2,29.61,57.11,53.3
2015-08-04,2.13,28.66,57.31,54.15
2015-08-05,2.16,28.85,59.12,54.11
2015-08-06,2.11,28.78,58.29,52.94
2015-08-07,2.09,28.88,58.04,53.03
2015-08-10,1.93,29.93,59.27,54.38
2015-08-11,1.9,28.37,58.38,54.06
2015-08-12,1.9,28.81,57.39,54.82
2015-08-13,1.79,28.79,56.97,54.61
2015-08-14,1.84,28.99,57.29,54.86
2015-08-17,1.8,29.29,58.45,55.4
2015-08-18,1.8,29.12,56.89,54.59
2015-08-19,1.8,28.75,56.72,54.32
2015-08-20,1.7,28.16,55.45,53.1
2015-08-21,1.78,26.44,53.79,51.76
2015-08-24,1.75,25.78,51.48,49.39
2015-08-25,1.66,25.93,50.79,48.17
2015-08-26,1.72,27.42,53.31,49.13
2015-08-27,1.78,28.23,55.54,50.0
2015-08-28,1.85,28.32,55.74,47.52
2015-08-31,1.81,28.19,55.92,46.75
2015-09-01,1.71,26.93,53.83,45.49
2015-09-02,1.77,28.09,54.38,45.99
2015-09-03,1.79,27.59,55.33,45.94
2015-09-04,1.82,27.32,54.27,45.37
2015-09-08,1.88,28.08,56.22,46.81
2015-09-09,1.85,27.54,55.37,46.16
2015-09-10,1.84,28.14,55.62,46.23
2015-09-11,2.01,28.55,56.05,46.3
2015-09-14,1.82,28.83,55.8,46.15
2015-09-15,1.86,29.07,57.38,46.62
2015-09-16,1.89,29.1,58.02,46.9
2015-09-17,1.89,28.48,57.02,46.78
2015-09-18,1.87,28.36,55.62,46.48
2015-09-21,1.81,28.8,56.0,47.41
2015-09-22,1.73,28.35,54.45,46.93
2015-09-23,1.7,28.58,53.52,46.92
2015-09-24,1.72,28.75,53.28,47.05
2015-09-25,1.71,28.68,53.16,46.97
2015-09-28,1.66,28.11,51.6,46.14
2015-09-29,1.67,27.26,52.17,45.24
2015-09-30,1.72,27.58,55.28,44.14
2015-10-01,1.74,27.4,54.8,43.14
2015-10-02,1.83,27.59,56.42,44.0
2015-10-05,1.8,27.7,58.11,44.29
2015-10-06,1.83,27.83,58.04,44.8
2015-10-07,1.86,27.7,58.74,45.9
2015-10-08,1.93,27.38,59.33,47.31
2015-10-09,1.96,28.03,58.37,51.57
2015-10-12,1.87,27.9,58.14,51.55
2015-10-13,1.92,27.95,58.37,52.08
2015-10-14,1.95,27.55,59.18,51.37
2015-10-15,1.97,27.96,58.69,52.16
2015-10-16,1.94,27.76,58.41,52.04
2015-10-19,2.01,27.93,58.33,52.44
2015-10-20,2.02,28.44,58.35,52.0
2015-10-21,2.1,28.44,57.86,51.13
2015-10-22,2.14,28.88,58.75,52.59
2015-10-23,2.21,29.77,59.29,52.39
2015-10-26,2.15,28.82,58.92,53.61
2015-10-27,2.15,28.64,58.19,54.1
2015-10-28,2.18,29.82,56.02,55.5
2015-10-29,2.13,30.13,54.94,55.06
2015-10-30,2.12,29.88,54.99,55.19
2015-11-02,2.19,30.3,56.13,56.89
2015-11-03,2.28,30.64,57.62,57.93
2015-11-04,2.2,30.5,59.34,57.83
2015-11-05,2.2,30.23,59.63,63.49
2015-11-06,2.15,30.26,59.98,63.88
2015-11-09,2.11,30.14,59.49,63.51
2015-11-10,2.02,29.19,59.1,63.36
2015-11-11,2.07,29.03,59.32,62.12
2015-11-12,2.0,28.93,57.51,61.75
2015-11-13,1.99,28.09,56.22,60.45
2015-11-16,1.99,28.54,56.67,60.93
2015-11-17,1.98,28.42,56.31,61.25
2015-11-18,2.12,29.32,57.19,61.25
2015-11-19,2.14,29.7,57.41,62.39
2015-11-20,2.22,29.82,57.04,60.55
2015-11-23,2.22,29.44,56.45,62.71
2015-11-24,2.34,29.72,56.18,63.08
2015-11-25,2.38,29.51,56.25,62.92
2015-11-27,2.33,29.45,56.77,63.05
2015-11-30,2.36,29.58,56.56,63.47
2015-12-01,2.34,29.34,57.36,64.72
2015-12-02,2.27,29.07,56.96,64.55
2015-12-03,2.23,28.8,55.78,64.41
2015-12-04,2.28,29.76,57.11,65.29
2015-12-07,2.36,29.57,56.72,63.75
2015-12-08,2.39,29.56,56.21,63.96
2015-12-09,2.35,28.91,55.4,63.25
2015-12-10,2.45,29.04,55.5,63.24
2015-12-11,2.36,28.3,55.49,61.1
2015-12-14,2.34,28.12,54.71,60.74
2015-12-15,2.36,27.62,55.6,61.09
2015-12-16,2.54,27.84,55.89,61.93
2015-12-17,2.56,27.25,54.72,60.74
2015-12-18,2.45,26.51,53.88,59.52
2015-12-21,2.53,26.83,54.92,60.16
2015-12-22,2.77,26.81,55.17,60.98
2015-12-23,2.83,27.15,56.44,62.04
2015-12-24,2.92,27.01,56.13,61.85
2015-12-28,3.0,26.7,55.44,61.86
2015-12-29,3.0,27.18,55.75,62.22
2015-12-30,2.98,26.83,55.35,62.25
2015-12-31,2.87,26.32,54.18,60.93
2016-01-04,2.77,26.34,53.14,60.31
2016-01-05,2.75,25.68,52.42,60.39
2016-01-06,2.5,25.18,50.73,59.54
2016-01-07,2.28,24.11,48.78,55.98
2016-01-08,2.14,24.24,48.05,55.06
2016-01-11,2.34,24.63,48.26,55.23
2016-01-12,2.39,24.99,48.32,54.79
2016-01-13,2.25,24.35,47.3,50.87
2016-01-14,2.21,24.88,48.19,52.65
2016-01-15,2.03,24.28,47.17,49.4
2016-01-19,1.95,24.16,46.66,47.59
2016-01-20,1.8,24.2,46.68,47.9
2016-01-21,2.09,24.08,47.15,47.87
2016-01-22,2.02,25.36,49.13,49.03
2016-01-25,2.12,24.86,48.66,47.97
2016-01-26,2.07,25.0,49.86,48.42
2016-01-27,2.13,23.36,49.18,46.49
2016-01-28,2.08,23.52,49.31,45.27
2016-01-29,2.2,24.34,51.6,46.82
2016-02-01,2.14,24.11,52.5,47.65
2016-02-02,1.99,23.62,50.69,45.89
2016-02-03,2.07,24.09,51.11,49.56
2016-02-04,2.09,24.15,55.4,49.51
2016-02-05,1.98,23.5,54.75,46.17
2016-02-08,1.93,23.75,54.42,43.45
2016-02-09,1.9,23.75,52.91,42.64
2016-02-10,1.84,23.57,54.33,43.72
2016-02-11,1.86,23.42,51.96,43.26
2016-02-12,1.83,23.5,53.73,44.92
2016-02-16,1.83,24.16,55.69,44.89
2016-02-17,1.9,24.53,56.13,46.67
2016-02-18,1.91,24.07,57.19,47.75
2016-02-19,1.91,24.01,56.96,49.91
2016-02-22,2.01,24.22,57.1,50.35
2016-02-23,1.97,23.67,56.43,49.69
2016-02-24,2.02,24.02,57.23,49.18
2016-02-25,2.03,24.19,57.68,49.42
2016-02-26,2.07,24.23,57.95,51.19
2016-02-29,2.14,24.17,57.16,51.74
2016-03-01,2.18,25.13,59.0,54.31
2016-03-02,2.32,25.19,59.07,54.41
2016-03-03,2.46,25.38,59.34,54.79
2016-03-04,2.37,25.75,59.9,56.25
2016-03-07,2.47,25.47,60.67,58.17
2016-03-08,2.3,25.26,59.4,56.86
2016-03-09,2.26,25.28,60.35,56.69
2016-03-10,2.26,25.29,59.52,55.95
2016-03-11,2.52,25.57,60.9,56.61
2016-03-14,2.72,25.63,61.03,56.7
2016-03-15,2.49,26.14,61.25,56.32
2016-03-16,2.63,26.49,61.69,56.97
2016-03-17,2.8,26.45,61.83,57.06
2016-03-18,2.93,26.48,63.16,57.81
2016-03-21,2.8,26.48,63.03,58.17
2016-03-22,2.79,26.68,63.27,57.98
2016-03-23,2.68,26.53,62.49,57.29
2016-03-24,2.79,26.42,62.74,57.37
2016-03-28,2.78,26.3,62.52,57.11
2016-03-29,2.86,26.92,63.89,58.23
2016-03-30,2.86,27.39,63.76,57.9
2016-03-31,2.85,27.25,64.41,58.31
2016-04-01,2.83,27.5,65.32,57.77
2016-04-04,2.83,27.78,63.78,58.19
2016-04-05,2.76,27.45,63.62,57.11
2016-04-06,2.8,27.74,64.14,57.78
2016-04-07,2.64,27.14,62.66,56.39
2016-04-08,2.74,27.16,63.26,56.76
2016-04-11,2.76,27.25,63.21,56.87
2016-04-12,2.81,27.61,63.54,55.92
2016-04-13,2.8,28.01,64.64,57.71
2016-04-14,2.72,28.02,64.14,58.08
2016-04-15,2.7,27.46,64.22,58.42
2016-04-18,2.76,26.87,64.5,59.14
2016-04-19,2.62,26.73,64.71,59.13
2016-04-20,2.7,26.78,64.6,59.39
2016-04-21,2.62,26.49,63.68,60.07
2016-04-22,3.99,26.42,63.62,59.54
2016-04-25,3.45,26.27,63.57,59.99
2016-04-26,3.66,26.09,64.67,61.01
2016-04-27,3.73,24.45,65.1,61.4
2016-04-28,3.61,23.71,63.18,61.39
2016-04-29,3.55,23.43,62.1,59.82
2016-05-02,3.74,23.41,59.06,61.37
2016-05-03,3.6,23.8,59.22,60.34
2016-05-04,3.6,23.55,59.27,58.73
2016-05-05,3.66,23.31,59.62,58.46
2016-05-06,3.68,23.18,59.53,58.66
2016-05-09,3.65,23.2,59.69,58.79
2016-05-10,3.64,23.36,61.07,59.57
2016-05-11,3.65,23.13,60.72,59.03
2016-05-12,3.59,22.59,60.34,58.06
2016-05-13,3.67,22.63,60.21,57.87
2016-05-16,3.79,23.47,61.34,59.08
2016-05-17,3.79,23.37,60.91,57.98
2016-05-18,3.84,23.64,61.3,57.76
2016-05-19,3.77,23.55,61.04,57.52
2016-05-20,3.87,23.8,61.59,56.19
2016-05-23,4.04,24.11,62.0,56.96
2016-05-24,4.2,24.48,63.23,58.46
2016-05-25,4.18,24.91,63.17,58.91
2016-05-26,4.35,25.1,63.35,58.11
2016-05-27,4.6,25.09,64.1,59.34
2016-05-31,4.57,24.96,64.62,58.27
2016-06-01,4.43,24.61,65.23,58.3
2016-06-02,4.24,24.43,65.96,58.76
2016-06-03,4.16,24.48,65.01,58.29
2016-06-06,4.47,24.66,66.5,58.67
2016-06-07,4.51,24.76,67.49,58.68
2016-06-08,4.46,24.74,67.7,58.53
2016-06-09,4.52,24.91,67.99,57.79
2016-06-10,4.32,24.71,66.72,56.18
2016-06-13,4.4,24.34,65.97,55.89
2016-06-14,4.39,24.36,66.04,55.71
2016-06-15,4.42,24.28,66.15,56.61
2016-06-16,4.75,24.39,66.0,56.77
2016-06-17,5.26,23.83,65.79,56.68
2016-06-20,5.1,23.77,66.66,57.56
2016-06-21,5.45,23.98,66.82,58.07
2016-06-22,5.02,23.89,66.46,57.38
2016-06-23,5.21,24.02,67.33,59.06
2016-06-24,4.88,23.35,63.07,54.04
2016-06-27,4.72,23.01,60.01,50.54
2016-06-28,5.12,23.4,60.68,51.48
2016-06-29,5.13,23.6,60.47,53.22
2016-06-30,5.14,23.9,61.9,54.14
2016-07-01,5.07,23.97,61.86,54.34
2016-07-05,4.96,23.75,60.19,52.8
2016-07-06,5.04,23.88,59.88,52.96
2016-07-07,5.02,23.98,61.08,53.53
2016-07-08,5.1,24.17,63.28,55.14
2016-07-11,5.01,24.25,63.17,55.49
2016-07-12,5.14,24.36,64.32,57.38
2016-07-13,5.09,24.22,64.01,56.87
2016-07-14,5.17,24.7,64.54,58.16
2016-07-15,5.14,24.7,65.07,57.98
2016-07-18,5.51,24.96,65.17,58.01
2016-07-19,5.41,24.97,65.43,57.52
2016-07-20,5.41,24.99,66.12,58.27
2016-07-21,5.22,24.86,65.96,57.58
2016-07-22,5.84,24.66,65.81,58.78
2016-07-25,6.7,24.34,65.75,58.22
2016-07-26,6.98,24.17,66.16,58.75
2016-07-27,6.85,25.74,66.08,59.62
2016-07-28,6.82,26.09,66.33,59.45
2016-07-29,6.86,26.05,66.49,59.45
2016-08-01,6.64,26.51,66.63,59.74
2016-08-02,6.26,26.12,63.1,57.87
2016-08-03,6.3,26.45,64.3,57.95
2016-08-04,6.47,26.47,64.18,58.25
2016-08-05,6.61,26.87,65.19,59.33
2016-08-08,6.68,27.09,66.23,59.37
2016-08-09,6.6,27.2,66.31,60.34
2016-08-10,6.49,27.0,65.9,60.3
2016-08-11,6.58,26.98,66.36,61.71
2016-08-12,6.73,27.05,66.37,61.83
2016-08-15,6.95,27.37,66.81,62.98
2016-08-16,6.78,27.34,65.8,62.65
2016-08-17,6.68,27.3,65.67,62.79
2016-08-18,7.04,27.27,66.63,63.5
2016-08-19,7.62,27.34,67.21,63.74
2016-08-22,7.58,27.13,66.42,63.29
2016-08-23,7.67,27.21,66.4,63.46
2016-08-24,7.43,27.01,65.8,63.17
2016-08-25,7.46,26.89,65.69,63.7
2016-08-26,7.67,26.74,65.65,68.87
2016-08-29,7.59,26.7,66.24,68.32
2016-08-30,7.49,26.5,66.39,68.03
2016-08-31,7.4,26.52,65.83,67.4
2016-09-01,7.35,26.68,65.64,67.37
2016-09-02,7.51,26.93,65.24,68.01
2016-09-06,7.34,26.92,64.93,67.69
2016-09-07,6.84,27.09,65.58,68.6
2016-09-08,6.22,26.38,64.96,68.81
2016-09-09,5.9,25.78,62.31,66.84
2016-09-12,5.94,26.36,63.04,67.35
2016-09-13,5.74,26.99,61.46,65.78
2016-09-14,6.04,27.94,61.44,65.51
2016-09-15,6.02,28.89,62.02,67.39
2016-09-16,6.05,28.73,61.17,67.6
2016-09-19,6.16,28.4,63.97,68.13
2016-09-20,6.17,28.39,61.4,68.79
2016-09-21,6.29,28.39,62.91,71.69
2016-09-22,6.37,28.66,64.73,72.35
2016-09-23,6.55,28.18,63.67,71.67
2016-09-26,6.32,28.22,62.71,71.08
2016-09-27,6.54,28.27,63.31,71.9
2016-09-28,6.59,28.49,63.85,72.65
2016-09-29,6.67,28.05,63.37,71.59
2016-09-30,6.91,28.26,63.97,72.33
2016-10-03,6.95,28.13,63.1,71.18
2016-10-04,6.97,28.25,63.31,71.42
2016-10-05,6.78,28.26,64.41,73.21
2016-10-06,6.96,28.47,64.62,72.83
2016-10-07,6.75,28.52,64.08,72.01
2016-10-10,6.84,29.01,63.67,72.21
2016-10-11,6.5,29.08,62.74,70.17
2016-10-12,6.62,29.34,62.84,70.33
2016-10-13,6.49,29.25,62.41,69.29
2016-10-14,6.75,29.41,62.14,69.46
2016-10-17,6.67,29.39,62.11,68.85
2016-10-18,6.73,29.37,62.2,70.13
2016-10-19,6.77,29.28,62.21,70.78
2016-10-20,6.96,29.26,61.48,71.13
2016-10-21,6.52,29.15,61.42,71.18
2016-10-24,7.0,29.41,62.71,72.22
2016-10-25,7.5,29.56,62.58,71.36
2016-10-26,7.29,28.9,62.39,70.66
2016-10-27,7.11,28.62,61.32,70.58
2016-10-28,7.2,28.43,60.95,71.86
2016-10-31,7.23,28.39,61.12,72.28
2016-11-01,7.09,27.87,60.64,70.1
2016-11-02,6.76,27.9,60.98,68.68
2016-11-03,6.7,27.46,59.25,67.61
2016-11-04,6.56,27.21,60.01,69.44
2016-11-07,6.96,27.6,61.53,72.0
2016-11-08,7.0,27.76,60.99,72.69
2016-11-09,6.94,27.72,62.23,72.63
2016-11-10,6.3,26.95,62.79,73.49
2016-11-11,6.68,27.11,63.77,73.81
2016-11-14,6.79,26.43,65.11,73.55
2016-11-15,6.97,26.78,65.69,75.15
2016-11-16,7.67,27.5,65.85,77.57
2016-11-17,8.46,27.49,66.25,78.46
2016-11-18,8.71,27.52,65.9,76.9
2016-11-21,8.94,27.93,66.34,75.52
2016-11-22,8.69,27.95,67.48,75.21
2016-11-23,8.8,27.81,67.79,75.15
2016-11-25,8.77,27.95,68.33,75.83
2016-11-28,8.83,27.89,68.23,75.18
2016-11-29,8.93,27.86,68.4,75.26
2016-11-30,8.91,27.63,68.27,72.61
2016-12-01,8.39,27.37,68.04,69.22
2016-12-02,8.53,27.48,68.12,70.57
2016-12-05,8.68,27.28,68.79,71.18
2016-12-06,9.45,27.49,69.38,76.32
2016-12-07,9.56,27.76,70.53,80.34
2016-12-08,10.34,28.03,71.77,81.74
2016-12-09,10.34,28.49,71.88,81.11
2016-12-12,10.68,28.32,72.43,78.37
2016-12-13,10.54,28.8,72.13,79.67
2016-12-14,10.55,28.8,71.92,76.83
2016-12-15,10.86,28.95,72.21,78.92
2016-12-16,10.66,28.99,71.78,76.48
2016-12-19,10.95,29.16,72.0,75.7
2016-12-20,11.51,29.24,72.36,76.01
2016-12-21,11.47,29.26,72.33,75.63
2016-12-22,11.6,29.07,71.73,74.58
2016-12-23,11.58,29.13,71.98,76.0
2016-12-27,12.07,29.32,72.44,75.98
2016-12-28,11.55,29.19,72.0,75.02
2016-12-29,11.59,29.18,72.16,74.98
2016-12-30,11.34,28.95,71.3,74.01
2017-01-03,11.43,29.04,71.45,76.18
2017-01-04,11.43,29.0,72.99,77.52
2017-01-05,11.24,29.15,72.72,76.93
2017-01-06,11.32,29.48,73.04,79.3
2017-01-09,11.49,29.75,72.3,79.59
2017-01-10,11.44,29.78,73.1,79.98
2017-01-11,11.2,29.94,73.6,80.87
2017-01-12,10.76,29.81,73.13,80.65
2017-01-13,10.58,29.76,73.81,81.32
2017-01-17,9.82,30.0,72.21,78.62
2017-01-18,9.88,30.0,73.34,79.71
2017-01-19,9.77,29.94,72.83,79.98
2017-01-20,9.75,30.0,73.04,81.67
2017-01-23,9.91,30.02,72.71,81.54
2017-01-24,10.44,29.99,73.38,82.0
2017-01-25,10.35,30.47,73.76,82.65
2017-01-26,10.52,30.48,72.92,81.64
2017-01-27,10.67,30.49,72.86,81.76
2017-01-30,10.61,30.41,72.88,81.16
2017-01-31,10.37,30.34,73.52,81.34
2017-02-01,12.06,32.19,73.1,81.28
2017-02-02,12.28,32.13,73.2,82.76
2017-02-03,12.24,32.27,74.46,84.41
2017-02-06,13.63,32.57,74.58,82.82
2017-02-07,13.29,32.88,70.52,84.5
2017-02-08,13.56,33.01,72.26,82.93
2017-02-09,13.42,33.1,72.89,83.88
2017-02-10,13.58,33.03,72.14,83.23
2017-02-13,13.49,33.32,71.59,84.28
2017-02-14,13.26,33.76,72.21,84.54
2017-02-15,13.3,33.88,73.59,84.36
2017-02-16,12.97,33.84,73.06,85.14
2017-02-17,13.13,33.93,73.5,86.4
2017-02-21,14.0,34.17,73.86,87.15
2017-02-22,14.28,34.28,73.92,86.38
2017-02-23,14.32,34.13,73.4,87.1
2017-02-24,14.12,34.16,73.49,87.55
2017-02-27,15.2,34.23,73.37,87.74
2017-02-28,14.46,34.25,72.2,86.3
2017-03-01,14.96,34.95,75.37,88.93
2017-03-02,13.9,34.74,74.0,87.32
2017-03-03,13.03,34.94,74.11,85.32
2017-03-06,13.04,34.84,73.77,82.94
2017-03-07,13.05,34.88,73.2,82.07
2017-03-08,13.22,34.75,73.17,83.46
2017-03-09,13.33,34.67,73.06,84.24
2017-03-10,13.91,34.78,73.39,86.12
2017-03-13,14.28,34.8,73.44,86.69
2017-03-14,14.1,34.75,73.24,85.91
2017-03-15,13.98,35.12,74.65,88.4
2017-03-16,13.65,35.17,75.09,86.73
2017-03-17,13.49,35.0,75.35,86.22
2017-03-20,14.4,35.37,74.42,86.32
2017-03-21,13.82,34.96,72.49,83.64
2017-03-22,14.1,35.35,72.27,84.6
2017-03-23,13.79,35.23,72.73,85.69
2017-03-24,13.7,35.16,73.02,86.48
2017-03-27,13.7,35.22,72.75,85.44
2017-03-28,13.69,35.95,72.85,85.47
2017-03-29,13.71,36.03,72.94,86.4
2017-03-30,14.05,35.98,73.88,86.32
2017-03-31,14.55,35.92,73.41,86.47
2017-04-03,14.64,35.92,72.25,85.39
2017-04-04,14.16,36.19,72.17,84.95
2017-04-05,14.17,36.01,70.95,83.54
2017-04-06,13.27,35.92,71.1,84.07
2017-04-07,13.52,35.84,70.76,84.79
2017-04-10,13.1,35.79,70.64,85.66
2017-04-11,13.1,35.41,71.11,85.99
2017-04-12,12.76,35.45,69.97,85.62
2017-04-13,12.31,35.26,70.28,84.91
2017-04-17,12.79,35.46,70.9,85.99
2017-04-18,12.95,35.3,70.87,86.41
2017-04-19,12.84,35.17,71.13,87.93
2017-04-20,13.11,35.61,72.01,88.41
2017-04-21,13.0,35.57,70.87,88.58
2017-04-24,13.13,35.91,72.36,90.14
2017-04-25,13.49,36.13,73.26,90.32
2017-04-26,13.41,35.92,73.3,90.23
2017-04-27,13.62,35.95,72.24,90.63
2017-04-28,13.3,35.91,70.5,90.07
2017-05-01,13.62,36.65,71.5,91.98
2017-05-02,10.32,36.88,71.33,93.45
2017-05-03,10.39,36.76,72.04,93.35
2017-05-04,10.1,36.63,75.25,93.25
2017-05-05,10.19,37.24,76.54,93.24
2017-05-08,10.04,38.25,77.63,93.39
2017-05-09,10.18,38.5,76.5,94.74
2017-05-10,10.79,38.31,76.57,95.87
2017-05-11,11.07,38.49,76.73,95.41
2017-05-12,11.26,39.02,75.6,95.39
2017-05-15,11.42,38.92,75.68,96.63
2017-05-16,12.75,38.87,75.94,98.03
2017-05-17,11.2,37.56,73.49,93.97
2017-05-18,11.28,38.13,73.01,95.83
2017-05-19,11.41,38.26,73.92,109.91
2017-05-22,11.04,38.5,74.48,113.36
2017-05-23,10.89,38.45,74.01,112.97
2017-05-24,10.89,38.34,74.36,112.48
2017-05-25,10.98,38.47,75.19,113.89
2017-05-26,11.0,38.4,74.9,113.03
2017-05-30,11.12,38.42,75.53,113.16
2017-05-31,11.19,38.19,75.59,111.77
2017-06-01,10.93,38.3,76.55,113.03
2017-06-02,10.9,38.86,76.43,112.91
2017-06-05,11.24,38.48,75.57,110.88
2017-06-06,12.03,38.61,76.28,111.45
2017-06-07,12.38,38.84,76.2,111.17
2017-06-08,12.9,38.75,77.28,111.12
2017-06-09,12.28,37.24,77.11,105.95
2017-06-12,12.09,36.35,77.0,107.44
2017-06-13,11.96,36.65,77.08,107.55
2017-06-14,11.77,36.29,76.89,106.2
2017-06-15,11.5,36.07,76.62,105.58
2017-06-16,11.44,35.57,77.12,104.88
2017-06-19,11.93,36.58,78.15,106.16
2017-06-20,12.64,36.25,77.51,104.93
2017-06-21,13.98,36.47,77.01,105.69
2017-06-22,14.38,36.41,77.54,106.78
2017-06-23,14.17,36.57,79.31,107.75
2017-06-26,14.08,36.45,79.81,106.12
2017-06-27,13.4,35.93,78.33,102.92
2017-06-28,13.23,36.46,79.48,104.28
2017-06-29,12.6,35.92,78.39,101.39
2017-06-30,12.48,36.01,78.42,100.82
2017-07-03,12.15,35.88,79.01,99.36
2017-07-05,13.19,36.02,78.93,102.6
2017-07-06,13.02,35.68,77.5,102.05
2017-07-07,13.36,36.05,78.78,103.32
2017-07-10,13.81,36.26,78.36,103.74
2017-07-11,13.89,36.38,78.77,104.3
2017-07-12,14.29,36.44,79.56,106.68
2017-07-13,13.53,36.94,79.96,107.07
2017-07-14,13.92,37.26,80.72,108.74
2017-07-17,13.8,37.39,81.33,106.94
2017-07-18,13.48,37.52,81.23,107.7
2017-07-19,13.55,37.76,82.33,110.25
2017-07-20,13.8,37.58,82.49,109.91
2017-07-21,13.88,37.57,82.41,109.75
2017-07-24,14.16,38.02,82.66,110.81
2017-07-25,14.11,38.19,83.85,112.26
2017-07-26,14.76,38.37,83.65,114.08
2017-07-27,14.12,37.64,83.43,111.52
2017-07-28,13.95,37.38,81.81,111.5
2017-07-31,13.61,37.18,81.29,110.79
2017-08-01,13.71,37.51,81.83,111.38
2017-08-02,13.37,39.28,81.58,109.13
2017-08-03,13.24,38.89,80.33,107.88
2017-08-04,13.12,39.1,79.81,108.39
2017-08-07,13.43,39.7,78.87,109.82
2017-08-08,13.11,40.02,77.89,108.35
2017-08-09,12.83,40.26,77.14,107.45
2017-08-10,12.12,38.83,75.41,104.98
2017-08-11,12.23,39.37,75.3,108.01
2017-08-14,12.76,39.96,76.43,108.9
2017-08-15,13.02,40.4,75.81,109.8
2017-08-16,12.63,40.24,75.98,110.49
2017-08-17,12.34,39.47,74.53,107.89
2017-08-18,12.37,39.38,74.23,108.56
2017-08-21,12.05,39.3,74.36,109.75
2017-08-22,12.17,39.94,75.74,111.01
2017-08-23,12.48,39.99,75.32,110.65
2017-08-24,12.5,39.82,76.31,110.61
2017-08-25,12.43,39.97,76.93,114.97
2017-08-28,12.23,40.37,77.18,111.48
2017-08-29,12.15,40.73,77.31,111.27
2017-08-30,12.67,40.84,78.27,113.29
2017-08-31,13.0,41.0,79.43,114.46
2017-09-01,13.19,41.01,79.14,113.71
2017-09-05,12.92,40.52,77.32,113.77
2017-09-06,12.86,40.48,77.23,113.79
2017-09-07,12.63,40.31,77.02,114.05
2017-09-08,12.25,39.66,76.74,114.44
2017-09-11,12.55,40.38,77.96,116.48
2017-09-12,12.3,40.22,78.7,116.16
2017-09-13,12.22,39.91,78.73,116.18
2017-09-14,12.26,39.57,78.77,115.47
2017-09-15,12.52,39.97,79.52,114.13
2017-09-18,13.08,39.67,79.8,113.84
2017-09-19,13.12,39.68,79.8,113.08
2017-09-20,13.74,39.02,79.47,112.73
2017-09-21,13.41,38.35,79.52,112.29
2017-09-22,13.3,37.97,80.24,111.78
2017-09-25,12.61,37.64,80.24,109.82
2017-09-26,12.45,38.28,80.57,110.61
2017-09-27,12.74,38.56,80.5,111.96
2017-09-28,12.74,38.32,80.5,111.45
2017-09-29,12.75,38.53,80.41,112.26
2017-10-02,12.71,38.45,81.97,112.47
2017-10-03,13.42,38.62,82.3,113.63
2017-10-04,13.31,38.37,82.53,114.05
2017-10-05,13.34,38.85,82.39,116.54
2017-10-06,13.23,38.83,82.16,116.96
2017-10-09,13.47,38.96,82.0,117.14
2017-10-10,13.7,38.98,82.6,117.05
2017-10-11,13.88,39.14,82.87,118.57
2017-10-12,14.2,39.0,83.35,118.99
2017-10-13,14.22,39.25,82.97,119.63
2017-10-16,14.26,39.97,83.06,119.2
2017-10-17,14.16,40.12,83.08,118.72
2017-10-18,14.07,39.94,83.47,118.54
2017-10-19,13.95,38.99,82.68,119.29
2017-10-20,13.81,39.06,83.58,120.81
2017-10-23,14.1,39.04,83.19,118.99
2017-10-24,14.25,39.27,83.33,119.29
2017-10-25,12.33,39.1,83.39,119.94
2017-10-26,12.01,39.35,83.96,121.35
2017-10-27,11.84,40.76,83.77,123.58
2017-10-30,10.89,41.68,83.21,123.91
2017-10-31,10.98,42.26,83.59,124.96
2017-11-01,10.8,41.72,82.15,124.78
2017-11-02,10.85,42.03,79.1,124.72
2017-11-03,11.12,43.12,78.17,124.85
2017-11-06,11.93,43.56,78.13,123.82
2017-11-07,12.05,43.7,78.44,123.4
2017-11-08,11.71,44.06,78.66,123.84
2017-11-09,11.12,43.97,78.59,122.4
2017-11-10,11.26,43.67,78.28,123.11
2017-11-13,11.09,43.49,78.07,124.64
2017-11-14,11.12,42.84,77.77,123.87
2017-11-15,11.07,42.27,77.31,124.02
2017-11-16,11.25,42.77,78.47,127.0
2017-11-17,11.38,42.54,77.63,127.49
2017-11-20,11.34,42.49,78.55,126.28
2017-11-21,11.4,43.28,78.96,127.71
2017-11-22,11.37,43.74,78.68,127.77
2017-11-24,11.38,43.74,78.87,129.5
2017-11-27,11.55,43.52,78.89,130.24
2017-11-28,11.17,43.27,80.77,129.95
2017-11-29,10.83,42.37,80.32,109.34
2017-11-30,10.89,42.96,80.73,109.7
2017-12-01,10.73,42.76,79.2,107.06
2017-12-04,10.03,42.45,77.71,107.95
2017-12-05,9.91,42.41,77.74,106.59
2017-12-06,10.0,42.25,77.04,106.92
2017-12-07,10.04,42.33,77.5,109.61
2017-12-08,9.94,42.34,77.88,107.16
2017-12-11,10.16,43.17,78.3,106.83
2017-12-12,9.9,42.92,78.36,106.33
2017-12-13,10.11,43.07,78.0,106.02
2017-12-14,10.13,43.06,77.22,106.25
2017-12-15,10.29,43.49,78.51,108.4
2017-12-18,10.98,44.1,80.15,107.48
2017-12-19,10.95,43.63,80.44,105.39
2017-12-20,10.98,43.59,80.55,105.03
2017-12-21,10.89,43.75,80.63,104.43
2017-12-22,10.54,43.75,80.4,103.89
2017-12-26,10.46,42.64,79.78,103.8
2017-12-27,10.53,42.65,79.88,104.58
2017-12-28,10.55,42.77,80.5,105.07
2017-12-29,10.28,42.31,80.41,104.83
2018-01-02,10.98,43.06,81.22,107.12
2018-01-03,11.55,43.06,81.76,109.38
2018-01-04,12.12,43.26,82.75,112.07
2018-01-05,11.88,43.75,83.63,110.84
2018-01-08,12.28,43.59,83.93,111.42
2018-01-09,11.82,43.58,83.99,112.11
2018-01-10,11.96,43.57,82.35,111.47
2018-01-11,12.14,43.82,83.29,113.26
2018-01-12,12.02,44.27,83.67,115.91
2018-01-16,11.91,44.05,83.32,111.98
2018-01-17,12.18,44.77,83.83,113.0
2018-01-18,12.47,44.81,84.13,112.55
2018-01-19,12.59,44.62,86.94,115.29
2018-01-22,12.65,44.25,86.42,117.43
2018-01-23,12.94,44.26,85.87,118.73
2018-01-24,12.71,43.56,84.46,116.9
2018-01-25,12.41,42.78,83.41,116.87
2018-01-26,12.95,42.88,84.02,117.78
2018-01-29,13.32,41.99,83.36,116.38
2018-01-30,12.87,41.74,82.42,115.02
2018-01-31,13.74,41.86,81.34,115.62
2018-02-01,13.25,41.94,82.04,115.57
2018-02-02,12.45,40.12,81.0,111.64
2018-02-05,11.57,39.12,79.15,109.18
2018-02-06,11.65,40.76,78.71,112.62
2018-02-07,11.6,39.88,79.62,110.54
2018-02-08,11.22,38.79,76.32,104.81
2018-02-09,11.31,39.1,76.09,105.94
2018-02-12,11.68,40.68,77.94,108.38
2018-02-13,11.78,41.08,78.41,109.79
2018-02-14,12.2,41.84,80.19,109.92
2018-02-15,12.19,43.25,81.47,113.52
2018-02-16,11.82,43.11,81.81,112.95
2018-02-20,12.02,42.96,81.95,114.27
2018-02-21,11.72,42.77,81.39,112.37
2018-02-22,11.84,43.12,81.25,112.39
2018-02-23,12.07,43.88,82.84,115.03
2018-02-26,12.42,44.74,83.21,116.92
2018-02-27,12.53,44.6,82.36,116.12
2018-02-28,12.11,44.53,81.58,117.47
2018-03-01,11.9,43.75,79.34,114.74
2018-03-02,11.81,44.05,79.66,116.28
2018-03-05,11.91,44.2,80.57,118.87
2018-03-06,11.76,44.17,81.82,119.87
2018-03-07,12.24,43.76,81.56,137.7
2018-03-08,11.97,44.24,79.09,137.29
2018-03-09,11.7,44.99,81.54,139.36
2018-03-12,11.52,45.43,81.61,138.37
2018-03-13,11.64,44.99,81.36,136.0
2018-03-14,11.36,44.61,80.66,136.19
2018-03-15,11.46,44.66,80.64,136.72
2018-03-16,11.47,44.51,81.8,135.75
2018-03-19,11.43,43.83,79.15,134.31
2018-03-20,11.11,43.81,79.56,134.6
2018-03-21,11.26,42.82,79.97,135.54
2018-03-22,10.91,42.21,77.21,131.41
2018-03-23,10.63,41.24,74.65,128.02
2018-03-26,10.44,43.19,76.47,134.22
2018-03-27,10.0,42.08,75.77,128.31
2018-03-28,9.81,41.62,75.73,124.55
2018-03-29,10.05,41.94,77.02,125.58
2018-04-02,9.53,41.67,73.51,122.75
2018-04-03,9.55,42.1,74.58,124.84
2018-04-04,9.77,42.9,74.82,127.5
2018-04-05,10.02,43.2,76.11,128.02
2018-04-06,9.61,42.09,72.79,125.75
2018-04-09,9.53,42.51,74.14,127.57
2018-04-10,9.98,43.31,76.09,131.73
2018-04-11,9.82,43.11,76.66,130.94
2018-04-12,10.08,43.53,76.94,132.17
2018-04-13,9.93,43.68,76.24,129.17
2018-04-16,10.09,43.95,77.03,129.72
2018-04-17,10.52,44.56,77.07,132.58
2018-04-18,10.36,44.46,78.25,133.87
2018-04-19,10.11,43.2,78.35,132.33
2018-04-20,9.99,41.43,77.85,130.09
2018-04-23,10.04,41.31,77.63,129.18
2018-04-24,10.09,40.74,75.59,123.68
2018-04-25,9.71,40.91,75.96,123.97
2018-04-26,11.04,41.06,74.98,126.98
2018-04-27,11.11,40.58,75.07,126.64
2018-04-30,10.88,41.31,74.74,125.9
2018-05-01,11.13,42.27,75.8,127.06
2018-05-02,10.97,44.14,75.4,125.26
2018-05-03,10.93,44.22,73.65,127.6
2018-05-04,11.28,45.96,74.35,129.46
2018-05-07,11.59,46.29,74.44,131.57
2018-05-08,11.61,46.51,75.08,132.76
2018-05-09,11.95,46.84,75.62,135.32
2018-05-10,12.13,47.51,76.57,136.47
2018-05-11,11.95,47.15,76.75,136.21
2018-05-14,12.23,47.04,75.66,134.11
2018-05-15,12.45,46.61,75.74,136.16
2018-05-16,12.82,47.05,75.0,135.93
2018-05-17,12.82,46.75,75.09,136.52
2018-05-18,13.0,46.58,74.62,138.85
2018-05-21,12.99,46.91,75.14,137.67
2018-05-22,12.98,46.79,75.0,136.71
2018-05-23,13.1,47.09,74.51,139.31
2018-05-24,13.41,47.04,74.65,138.92
2018-05-25,13.54,47.15,74.22,132.75
2018-05-29,13.36,46.98,74.36,129.62
2018-05-30,13.82,46.88,75.36,129.37
2018-05-31,13.73,46.72,74.12,129.1
2018-06-01,14.4,47.56,75.38,133.52
2018-06-04,14.85,47.96,75.69,135.57
2018-06-05,14.85,48.33,76.74,136.8
2018-06-06,15.67,48.49,77.37,137.93
2018-06-07,14.89,48.37,77.55,134.14
2018-06-08,15.25,47.92,77.74,135.13
2018-06-11,15.73,47.81,78.2,135.97
2018-06-12,15.85,48.07,78.33,137.36
2018-06-13,16.32,47.67,78.28,137.16
2018-06-14,16.25,47.7,79.1,138.41
2018-06-15,16.34,47.21,79.5,137.99
2018-06-18,17.11,47.19,78.6,141.26
2018-06-19,16.69,46.42,78.37,141.04
2018-06-20,16.52,46.62,78.9,140.94
2018-06-21,15.65,46.37,77.89,137.74
2018-06-22,15.8,46.23,77.58,136.51
2018-06-25,15.11,45.54,76.01,129.75
2018-06-26,15.5,46.11,76.97,130.17
2018-06-27,14.97,46.04,75.39,127.62
2018-06-28,15.31,46.38,75.14,130.24
2018-06-29,14.99,46.28,75.28,131.09
2018-07-02,15.16,46.8,75.77,131.9
2018-07-03,15.0,45.98,75.48,131.6
2018-07-05,15.5,46.35,76.66,132.8
2018-07-06,16.36,46.99,77.06,135.11
2018-07-09,16.61,47.65,78.4,134.97
2018-07-10,16.55,47.59,78.56,134.37
2018-07-11,16.27,46.97,76.89,132.22
2018-07-12,16.56,47.76,77.42,137.46
2018-07-13,16.27,47.83,77.54,137.21
2018-07-16,16.58,47.73,77.05,136.24
2018-07-17,16.87,47.86,77.73,136.56
2018-07-18,16.85,47.6,78.25,137.43
2018-07-19,16.71,47.97,78.34,134.5
2018-07-20,16.5,47.86,76.77,134.32
2018-07-23,16.66,47.9,76.19,134.5
2018-07-24,16.19,48.25,74.96,132.31
2018-07-25,16.05,48.7,75.41,135.85
2018-07-26,18.35,48.55,76.42,136.14
2018-07-27,18.94,47.74,75.01,131.16
2018-07-30,19.42,47.48,74.92,127.0
2018-07-31,18.33,47.57,75.84,128.44
2018-08-01,18.48,50.38,75.66,127.18
2018-08-02,18.79,51.85,77.58,131.16
2018-08-03,18.49,52.0,76.68,132.05
2018-08-06,19.43,52.27,76.31,134.35
2018-08-07,19.56,51.78,76.82,135.19
2018-08-08,19.58,51.81,76.96,134.14
2018-08-09,19.1,52.22,78.1,135.11
2018-08-10,19.06,51.88,76.42,134.85
2018-08-13,19.73,52.22,75.88,133.39
2018-08-14,20.02,52.44,76.81,134.0
2018-08-15,19.7,52.56,76.08,131.05
2018-08-16,19.33,53.33,76.84,133.73
2018-08-17,19.77,54.4,78.01,132.35
2018-08-20,19.98,53.87,77.89,133.72
2018-08-21,20.4,53.76,79.12,135.52
2018-08-22,20.9,53.76,78.89,136.94
2018-08-23,22.29,53.87,78.42,136.31
2018-08-24,23.98,54.04,78.97,157.2
2018-08-27,25.26,54.48,79.92,154.63
2018-08-28,25.05,54.92,79.84,156.81
2018-08-29,25.2,55.74,79.3,155.67
2018-08-30,24.89,56.26,78.01,153.86
2018-08-31,25.17,56.91,77.53,154.35
2018-09-04,28.06,57.09,76.98,153.59
2018-09-05,28.51,56.72,76.58,149.33
2018-09-06,27.84,55.77,75.83,148.8
2018-09-07,27.38,55.33,75.28,149.17
2018-09-10,29.89,54.58,75.48,150.75
2018-09-11,30.1,55.96,75.35,150.87
2018-09-12,32.21,55.27,75.39,150.78
2018-09-13,30.48,56.6,76.29,151.38
2018-09-14,32.72,55.96,77.04,151.35
2018-09-17,32.43,54.47,76.58,146.72
2018-09-18,31.93,54.56,76.75,148.79
2018-09-19,31.21,54.59,77.45,148.4
2018-09-20,31.18,55.01,78.15,153.23
2018-09-21,31.02,54.42,77.13,152.4
2018-09-24,32.61,55.2,76.25,152.83
2018-09-25,32.57,55.55,74.78,155.4
2018-09-26,32.19,55.1,73.69,154.82
2018-09-27,32.59,56.24,73.38,156.0
2018-09-28,30.89,56.44,73.72,156.11
2018-10-01,31.42,56.81,73.3,155.5
2018-10-02,29.02,57.32,73.61,153.92
2018-10-03,28.43,58.02,74.01,154.87
2018-10-04,27.78,57.0,73.2,152.1
2018-10-05,27.35,56.07,72.73,152.0
2018-10-08,26.46,55.94,71.85,146.21
2018-10-09,27.24,56.72,71.15,142.86
2018-10-10,25.0,54.09,68.54,133.5
2018-10-11,25.3,53.61,67.5,130.89
2018-10-12,26.34,55.53,68.48,138.18
2018-10-15,26.26,54.34,68.22,134.6
2018-10-16,28.18,55.54,70.54,141.42
2018-10-17,27.3,55.3,70.15,141.77
2018-10-18,26.62,54.01,68.76,137.29
2018-10-19,23.66,54.83,68.22,133.18
2018-10-22,25.03,55.16,68.56,135.64
2018-10-23,25.09,55.68,68.32,134.12
2018-10-24,22.79,53.77,65.04,124.92
2018-10-25,19.27,54.95,65.55,130.01
2018-10-26,17.63,54.08,65.3,124.71
2018-10-29,16.85,53.06,64.86,124.13
2018-10-30,17.2,53.33,66.4,125.96
2018-10-31,18.21,54.72,67.71,129.25
2018-11-01,20.22,55.56,70.65,135.23
2018-11-02,20.23,51.87,74.98,134.13
2018-11-05,19.9,50.4,73.99,133.5
2018-11-06,20.68,50.94,74.42,133.7
2018-11-07,21.84,52.49,75.22,138.92
2018-11-08,21.2,52.12,74.54,140.61
2018-11-09,21.03,51.12,74.33,135.55
2018-11-12,19.03,48.54,72.88,130.11
2018-11-13,19.61,48.06,73.75,130.92
2018-11-14,20.81,46.7,72.43,129.43
2018-11-15,21.49,47.85,74.54,134.29
2018-11-16,20.66,48.38,75.05,134.04
2018-11-19,19.11,46.47,73.61,125.74
2018-11-20,19.21,44.24,71.76,123.05
2018-11-21,18.73,44.2,73.21,135.04
2018-11-23,19.38,43.07,73.5,132.69
2018-11-26,20.08,43.66,74.05,138.8
2018-11-27,21.05,43.56,73.3,140.16
2018-11-28,21.34,45.24,75.35,143.16
2018-11-29,21.43,44.89,76.47,145.55
2018-11-30,21.3,44.65,76.97,144.5
2018-12-03,23.71,46.2,78.4,148.02
2018-12-04,21.12,44.17,75.41,139.84
2018-12-06,21.3,43.68,74.69,140.14
2018-12-07,19.46,42.12,71.72,132.57
2018-12-10,19.99,42.4,71.5,135.02
2018-12-11,19.98,42.16,70.88,133.87
2018-12-12,20.48,42.27,71.96,137.79
2018-12-13,19.86,42.74,71.34,135.57
2018-12-14,19.9,41.37,70.41,131.5
2018-12-17,18.83,40.98,69.89,127.27
2018-12-18,19.5,41.52,70.41,130.58
2018-12-19,18.16,40.22,68.74,128.13
2018-12-20,17.94,39.21,67.54,124.93
2018-12-21,16.93,37.68,65.56,120.3
2018-12-24,16.65,36.71,63.25,118.32
2018-12-26,17.9,39.29,66.91,125.93
2018-12-27,17.49,39.04,67.99,127.41
2018-12-28,17.82,39.06,68.24,127.23
2018-12-31,18.46,39.44,68.95,128.61
2019-01-02,18.83,39.48,69.55,128.96
2019-01-03,17.05,35.55,66.59,121.85
2019-01-04,19.0,37.06,69.15,128.28
2019-01-07,20.57,36.98,70.26,132.72
2019-01-08,20.75,37.69,70.07,133.87
2019-01-09,20.19,38.33,70.92,136.77
2019-01-10,19.74,38.45,72.53,136.71
2019-01-11,20.27,38.07,73.52,136.74
2019-01-14,20.23,37.5,73.4,134.75
2019-01-15,20.38,38.27,73.56,135.88
2019-01-16,19.73,38.74,73.28,135.3
2019-01-17,20.25,38.97,74.17,136.5
2019-01-18,20.77,39.2,75.31,141.73
2019-01-22,19.76,38.33,73.71,139.06
2019-01-23,19.8,38.48,73.11,137.49
2019-01-24,20.85,38.17,74.01,136.05
2019-01-25,21.93,39.44,75.57,142.08
2019-01-28,20.18,39.08,75.02,140.77
2019-01-29,19.25,38.67,74.68,140.16
2019-01-30,23.09,41.31,75.5,146.0
2019-01-31,24.41,41.61,75.95,147.2
2019-02-01,24.51,41.63,75.87,149.07
2019-02-04,24.13,42.81,75.85,151.59
2019-02-05,23.31,43.55,76.34,152.42
2019-02-06,23.26,43.56,77.19,152.28
2019-02-07,22.67,42.74,78.71,150.56
2019-02-08,23.05,42.6,79.24,154.31
2019-02-11,22.96,42.36,79.51,154.57
2019-02-12,22.82,42.72,80.73,159.54
2019-02-13,22.85,42.55,81.36,160.03
2019-02-14,23.13,42.7,80.84,159.94
2019-02-15,23.68,42.6,81.19,160.35
2019-02-19,23.95,42.73,81.05,160.68
2019-02-20,23.95,43.01,81.99,159.8
2019-02-21,23.92,42.76,81.77,159.83
2019-02-22,24.36,43.24,81.94,161.51
2019-02-25,24.71,43.56,81.89,163.94
2019-02-26,24.21,43.58,80.83,163.31
2019-02-27,23.48,43.72,80.17,164.28
2019-02-28,23.53,43.29,79.7,163.01
2019-03-01,23.68,43.74,80.28,159.77
2019-03-04,23.37,43.96,79.65,157.79
2019-03-05,23.5,43.88,78.97,154.71
2019-03-06,22.41,43.63,77.95,153.51
2019-03-07,22.08,43.12,77.41,152.77
2019-03-08,22.01,43.23,77.16,152.37
2019-03-11,22.96,44.73,78.06,154.04
2019-03-12,23.49,45.23,77.95,154.81
2019-03-13,23.38,45.43,78.5,153.38
2019-03-14,22.82,45.93,77.72,153.15
2019-03-15,23.29,46.53,78.55,153.28
2019-03-18,23.25,47.01,78.32,153.85
2019-03-19,26.0,46.63,78.29,155.1
2019-03-20,25.7,47.04,78.19,154.31
2019-03-21,27.89,48.77,79.93,158.82
2019-03-22,26.37,47.76,76.66,154.22
2019-03-25,25.97,47.19,75.95,154.69
2019-03-26,25.69,46.7,76.01,155.91
2019-03-27,24.89,47.12,75.81,153.1
2019-03-28,25.06,47.18,76.51,153.03
2019-03-29,25.52,47.49,77.06,155.82
2019-04-01,26.36,47.81,78.85,163.82
2019-04-02,26.75,48.51,78.52,164.35
2019-04-03,29.02,48.84,79.86,166.65
2019-04-04,29.09,48.92,81.28,165.05
2019-04-05,28.98,49.25,82.4,166.33
2019-04-08,28.53,50.02,83.06,166.74
2019-04-09,27.24,49.88,81.92,167.06
2019-04-10,27.83,50.16,83.06,170.46
2019-04-11,27.79,49.74,83.38,171.88
2019-04-12,27.85,49.72,84.62,171.87
2019-04-15,27.33,49.81,84.49,172.77
2019-04-16,27.93,49.81,84.88,172.67
2019-04-17,27.49,50.78,84.14,168.03
2019-04-18,27.68,50.97,84.96,169.2
2019-04-22,28.18,51.13,83.7,172.15
2019-04-23,27.97,51.87,86.05,175.28
2019-04-24,28.46,51.79,86.1,176.31
2019-04-25,27.66,51.32,83.76,175.32
2019-04-26,27.88,51.08,84.98,176.99
2019-04-29,27.69,51.15,84.79,176.68
2019-04-30,27.63,50.17,84.51,178.21
2019-05-01,26.81,52.63,83.5,173.97
2019-05-02,28.29,52.29,75.19,173.36
2019-05-03,28.22,52.94,76.15,176.7
2019-05-06,27.42,52.12,74.75,175.28
2019-05-07,26.66,50.72,73.41,170.72
2019-05-08,27.09,50.73,71.75,171.51
2019-05-09,27.21,50.18,70.82,171.42
2019-05-10,27.96,49.3,71.18,173.77
2019-05-13,26.24,46.43,68.1,164.93
2019-05-14,27.32,47.16,68.48,169.96
2019-05-15,27.58,47.73,68.86,173.32
2019-05-16,28.01,47.52,68.78,176.68
2019-05-17,27.5,47.25,66.45,174.33
2019-05-20,26.68,45.77,66.73,170.61
2019-05-21,27.35,46.65,68.16,174.23
2019-05-22,27.41,45.7,66.41,174.03
2019-05-23,26.36,44.92,64.96,169.54
2019-05-24,26.44,44.74,65.26,161.22
2019-05-28,29.03,44.56,65.39,161.09
2019-05-29,28.09,44.34,64.59,161.52
2019-05-30,28.03,44.58,64.56,162.62
2019-05-31,27.41,43.77,62.66,160.91
2019-06-03,27.58,43.33,63.56,154.82
2019-06-04,29.57,44.91,66.34,159.91
2019-06-05,29.5,45.63,65.8,161.31
2019-06-06,31.82,46.3,65.77,161.16
2019-06-07,32.41,47.54,66.58,165.3
2019-06-10,33.23,48.15,68.47,165.12
2019-06-11,32.41,48.7,69.67,163.2
2019-06-12,32.18,48.55,68.44,163.77
2019-06-13,31.39,48.54,69.16,162.32
2019-06-14,30.36,48.19,67.1,158.16
2019-06-17,29.2,48.47,66.99,157.38
2019-06-18,30.45,49.61,68.61,161.9
2019-06-19,30.5,49.47,69.26,165.63
2019-06-20,30.01,49.87,69.92,169.45
2019-06-21,29.1,49.7,69.75,170.89
2019-06-24,29.26,49.65,69.48,168.5
2019-06-25,28.86,48.89,69.87,163.16
2019-06-26,29.92,49.95,70.09,162.48
2019-06-27,30.74,49.94,70.79,165.25
2019-06-28,30.37,49.48,71.27,162.9
2019-07-01,31.2,50.39,72.02,169.29
2019-07-02,31.24,50.68,69.98,170.1
2019-07-03,31.19,51.1,71.13,172.0
2019-07-05,31.5,51.06,71.23,172.23
2019-07-08,32.04,50.01,68.45,169.87
2019-07-09,33.15,50.31,68.95,171.35
2019-07-10,33.79,50.81,68.91,172.74
2019-07-11,33.06,50.44,67.3,173.33
2019-07-12,33.21,50.83,68.95,174.19
2019-07-15,34.39,51.3,68.9,173.71
2019-07-16,33.85,51.12,67.65,171.01
2019-07-17,33.6,50.84,66.86,171.62
2019-07-18,33.0,51.42,67.25,172.38
2019-07-19,32.51,50.65,67.67,169.31
2019-07-22,32.85,51.8,68.83,170.36
2019-07-23,33.49,52.21,69.72,169.74
2019-07-24,34.11,52.17,71.81,173.51
2019-07-25,33.67,51.76,71.15,169.92
2019-07-26,34.02,51.94,71.71,167.99
2019-07-29,33.48,52.42,71.84,162.77
2019-07-30,33.87,52.2,72.63,160.29
2019-07-31,30.45,53.26,72.61,156.17
2019-08-01,29.86,52.11,71.91,153.47
2019-08-02,29.44,51.01,70.41,147.76
2019-08-05,27.99,48.34,68.86,143.57
2019-08-06,28.86,49.25,67.85,143.67
2019-08-07,29.19,49.76,67.88,144.17
2019-08-08,33.92,50.86,69.78,152.09
2019-08-09,34.19,50.25,68.74,151.34
2019-08-12,32.43,50.12,67.87,148.87
2019-08-13,32.11,52.24,69.12,151.81
2019-08-14,30.24,50.69,66.68,146.92
2019-08-15,29.67,50.44,66.04,142.92
2019-08-16,31.18,51.62,68.02,144.13
2019-08-19,31.48,52.59,68.49,146.18
2019-08-20,30.72,52.59,67.76,146.56
2019-08-21,31.7,53.16,68.66,145.95
2019-08-22,31.9,53.12,68.89,145.21
2019-08-23,29.54,50.66,67.31,143.99
2019-08-26,30.28,51.62,68.07,147.8
2019-08-27,30.2,51.04,67.38,150.21
2019-08-28,30.78,51.38,67.35,140.08
2019-08-29,31.45,52.25,69.19,142.63
2019-08-30,31.45,52.19,69.2,142.82
2019-09-03,30.9,51.42,68.09,141.15
2019-09-04,30.95,52.3,69.73,144.34
2019-09-05,31.5,53.32,72.18,148.22
2019-09-06,30.56,53.31,72.8,150.35
2019-09-09,30.5,53.54,74.22,151.02
2019-09-10,30.23,54.17,75.6,148.05
2019-09-11,29.76,55.9,76.56,154.67
2019-09-12,30.21,55.77,77.36,155.69
2019-09-13,30.69,54.69,76.62,153.48
2019-09-16,30.83,54.98,76.09,153.87
2019-09-17,30.99,55.17,75.3,153.67
2019-09-18,30.42,55.69,75.48,151.11
2019-09-19,30.29,55.24,74.8,153.38
2019-09-20,30.05,54.43,73.77,153.34
2019-09-23,30.64,54.68,74.62,152.37
2019-09-24,29.52,54.42,73.44,149.13
2019-09-25,29.54,55.26,74.65,147.43
2019-09-26,29.47,54.97,74.45,149.07
2019-09-27,28.72,54.7,74.07,145.19
2019-09-30,28.99,55.99,74.58,147.7
2019-10-01,28.76,56.15,72.99,145.71
2019-10-02,28.31,54.74,72.72,142.84
2019-10-03,28.68,55.2,72.84,144.77
2019-10-04,29.01,56.75,74.33,146.89
2019-10-07,28.93,56.76,72.72,147.56
2019-10-08,28.23,56.1,71.32,145.65
2019-10-09,28.46,56.76,72.19,148.37
2019-10-10,28.38,57.52,73.16,144.73
2019-10-11,29.75,59.05,74.22,150.32
2019-10-14,30.53,58.97,73.89,150.27
2019-10-15,30.72,58.83,74.9,150.0
2019-10-16,30.81,58.59,75.64,145.38
2019-10-17,31.14,58.82,76.05,144.27
2019-10-18,30.97,59.1,75.64,139.67
2019-10-21,32.03,60.13,76.12,141.49
2019-10-22,31.51,59.99,76.35,140.07
2019-10-23,31.36,60.8,76.58,141.93
2019-10-24,31.72,60.9,76.19,145.37
2019-10-25,32.71,61.65,77.17,145.54
2019-10-28,33.69,62.26,77.63,146.99
2019-10-29,33.03,60.82,78.29,145.59
2019-10-30,33.13,60.81,78.2,148.78
2019-10-31,33.93,62.19,79.28,147.36
2019-11-01,34.89,63.95,81.08,150.25
2019-11-04,36.29,64.38,81.89,151.27
2019-11-05,36.15,64.28,82.58,151.73
2019-11-06,35.93,64.31,82.04,151.51
2019-11-07,36.28,64.86,81.79,151.82
2019-11-08,36.29,65.03,81.73,152.96
2019-11-11,36.31,65.55,81.24,152.92
2019-11-12,36.71,65.49,80.6,158.06
2019-11-13,37.52,66.12,80.12,159.21
2019-11-14,38.35,65.66,80.01,158.14
2019-11-15,38.56,66.44,80.07,161.75
2019-11-18,39.88,66.78,79.45,162.44
2019-11-19,41.29,66.57,79.25,164.53
2019-11-20,40.98,65.8,78.84,165.33
2019-11-21,39.52,65.5,79.28,165.05
2019-11-22,39.15,65.44,79.3,167.01
2019-11-25,39.79,66.59,80.54,168.88
2019-11-26,38.99,66.07,80.15,170.8
2019-11-27,39.41,66.96,80.56,180.18
2019-11-29,39.15,66.81,79.64,180.9
2019-12-02,38.73,66.04,79.85,175.63
2019-12-03,38.9,64.86,79.41,175.4
2019-12-04,39.69,65.44,80.5,176.4
2019-12-05,39.62,66.39,81.16,176.63
2019-12-06,39.63,67.68,82.35,179.32
2019-12-09,38.93,66.73,82.18,178.83
2019-12-10,39.44,67.12,82.5,178.46
2019-12-11,39.47,67.69,83.29,179.64
2019-12-12,42.59,67.86,85.12,177.9
2019-12-13,41.15,68.79,84.45,179.41
2019-12-16,42.35,69.97,84.99,184.37
2019-12-17,42.77,70.1,84.61,181.49
2019-12-18,42.3,69.94,84.09,183.75
2019-12-19,42.83,70.0,84.43,183.78
2019-12-20,44.15,69.86,84.76,182.84
2019-12-23,45.46,71.0,84.74,182.92
2019-12-24,46.54,71.07,84.46,183.91
2019-12-26,46.63,72.48,84.78,184.24
2019-12-27,46.18,72.45,84.52,185.38
2019-12-30,45.52,72.88,84.41,183.3
2019-12-31,45.86,73.41,84.74,183.46
2020-01-02,49.1,75.09,85.79,187.83
2020-01-03,48.6,74.36,84.65,184.95
2020-01-06,48.39,74.95,83.19,187.12
2020-01-07,48.25,74.6,85.01,187.5
2020-01-08,47.83,75.8,84.19,189.95
2020-01-09,48.97,77.41,84.75,191.94
2020-01-10,48.16,77.58,84.47,192.36
2020-01-13,48.74,79.24,84.88,192.45
2020-01-14,48.21,78.17,84.15,191.11
2020-01-15,48.55,77.83,83.97,190.79
2020-01-16,49.77,78.81,84.15,192.5
2020-01-17,50.93,79.68,82.32,193.35
2020-01-21,51.05,79.14,81.73,195.84
2020-01-22,51.43,79.42,81.99,194.73
2020-01-23,51.71,79.81,82.12,198.6
2020-01-24,50.35,79.58,81.52,199.19
2020-01-27,49.26,77.24,79.3,195.87
2020-01-28,50.53,79.42,79.76,200.03
2020-01-29,47.51,81.08,79.12,199.74
2020-01-30,48.78,80.97,78.58,198.99
2020-01-31,47.0,77.38,75.94,196.85
2020-02-03,48.02,77.17,75.6,199.26
2020-02-04,49.45,79.71,76.74,203.94
2020-02-05,49.84,80.36,78.3,202.08
2020-02-06,49.32,81.3,79.42,206.0
2020-02-07,49.73,80.01,77.27,207.01
2020-02-10,52.26,80.39,77.11,206.1
2020-02-11,53.8,79.9,77.97,205.8
2020-02-12,53.89,81.8,80.34,207.11
2020-02-13,54.53,81.22,79.21,207.51
2020-02-14,55.31,81.24,79.19,208.95
2020-02-18,56.89,79.75,78.6,207.06
2020-02-19,58.9,80.9,79.22,210.76
2020-02-20,57.27,80.08,80.0,206.67
2020-02-21,53.28,78.26,77.99,201.91
2020-02-24,49.12,74.54,75.05,194.37
2020-02-25,47.57,72.02,72.57,186.73
2020-02-26,47.49,73.16,71.18,190.67
2020-02-27,44.01,68.38,67.8,180.65
2020-02-28,45.48,68.34,67.06,190.88
2020-03-02,47.46,74.7,68.81,190.83
2020-03-03,46.75,72.33,67.62,180.55
2020-03-04,50.11,75.68,69.59,191.42
2020-03-05,48.11,73.23,68.3,184.04
2020-03-06,48.59,72.26,67.65,173.42
2020-03-09,43.27,66.54,60.65,160.05
2020-03-10,45.38,71.33,61.95,164.48
2020-03-11,45.7,68.86,58.17,154.4
2020-03-12,39.01,62.06,52.9,136.0
2020-03-13,43.9,69.49,56.81,158.03
2020-03-16,38.71,60.55,49.73,148.08
2020-03-17,41.88,63.22,48.38,154.92
2020-03-18,39.12,61.67,41.06,141.82
2020-03-19,39.82,61.2,44.76,149.23
2020-03-20,39.61,57.31,46.86,148.02
2020-03-23,41.64,56.09,45.45,144.14
2020-03-24,46.22,61.72,52.27,149.96
2020-03-25,44.63,61.38,52.12,149.99
2020-03-26,47.5,64.61,54.12,160.88
2020-03-27,46.58,61.94,50.23,141.57
2020-03-30,47.86,63.7,53.72,155.91
2020-03-31,45.48,63.57,51.87,156.1
2020-04-01,43.66,60.23,50.17,139.22
2020-04-02,44.49,61.23,51.16,137.05
2020-04-03,42.59,60.35,50.68,139.0
2020-04-06,47.52,65.62,55.53,152.32
2020-04-07,47.56,64.86,54.85,148.7
2020-04-08,48.79,66.52,57.57,159.21
2020-04-09,48.38,67.0,59.2,164.9
2020-04-13,50.94,68.31,57.4,160.92
2020-04-14,54.93,71.76,57.35,172.22
2020-04-15,54.99,71.11,54.27,169.14
2020-04-16,56.95,71.67,54.33,171.0
2020-04-17,56.6,70.7,55.29,180.94
2020-04-20,56.97,69.23,53.18,177.87
2020-04-21,52.92,67.09,50.87,170.02
2020-04-22,55.92,69.03,53.21,175.37
2020-04-23,55.9,68.76,53.65,175.55
2020-04-24,56.18,70.74,55.2,180.35
2020-04-27,56.49,70.79,58.71,182.51
2020-04-28,55.51,69.64,59.15,177.31
2020-04-29,53.66,71.93,62.01,187.9
2020-04-30,52.39,73.45,62.92,187.13
2020-05-01,49.88,72.27,62.39,174.9
2020-05-04,52.56,73.29,61.03,177.8
2020-05-05,52.19,74.39,61.39,180.49
2020-05-06,52.16,75.16,60.54,181.23
2020-05-07,51.95,75.94,62.14,184.0
2020-05-08,53.19,77.53,65.46,184.29
2020-05-11,55.74,78.75,64.24,184.4
2020-05-12,53.76,77.85,61.77,180.97
2020-05-13,52.18,76.91,60.48,176.86
2020-05-14,54.51,77.39,61.43,177.87
2020-05-15,54.2,76.93,61.66,180.72
2020-05-18,54.59,78.74,65.94,190.1
2020-05-19,55.47,78.28,65.78,194.71
2020-05-20,56.39,79.81,67.78,196.64
2020-05-21,54.65,79.21,67.19,194.75
2020-05-22,55.17,79.72,66.51,195.78
2020-05-26,53.19,79.18,70.32,199.53
2020-05-27,52.74,79.53,71.05,199.81
2020-05-28,51.74,79.56,67.84,202.63
2020-05-29,53.8,79.48,69.08,210.38
2020-06-01,53.63,80.46,69.64,219.29
2020-06-02,53.54,80.83,70.55,219.09
2020-06-03,52.73,81.28,73.53,226.39
2020-06-04,52.63,80.58,73.79,225.2
2020-06-05,53.1,82.88,76.08,233.71
2020-06-08,52.97,83.36,77.2,233.51
2020-06-09,56.39,86.0,74.42,234.15
2020-06-10,57.44,88.21,71.75,236.59
2020-06-11,52.83,83.97,65.39,219.1
2020-06-12,53.5,84.7,66.2,222.96
2020-06-15,54.68,85.75,66.57,229.0
2020-06-16,54.46,88.02,67.62,240.93
2020-06-17,54.55,87.9,66.63,237.04
2020-06-18,54.04,87.93,65.79,238.07
2020-06-19,54.23,87.43,66.24,237.82
2020-06-22,54.76,89.72,67.53,240.88
2020-06-23,53.99,91.63,67.4,241.62
2020-06-24,52.39,90.02,64.81,233.44
2020-06-25,51.93,91.21,65.36,234.47
2020-06-26,50.1,88.41,65.16,232.74
2020-06-29,50.28,90.44,67.42,232.17
2020-06-30,52.61,91.2,68.69,239.19
2020-07-01,52.58,91.03,65.92,241.22
2020-07-02,52.34,91.03,66.47,240.15
2020-07-06,53.4,93.46,67.69,244.36
2020-07-07,52.93,93.17,66.05,238.94
2020-07-08,53.43,95.34,66.65,243.9
2020-07-09,57.26,95.68,66.24,248.2
2020-07-10,55.88,95.92,66.12,244.24
2020-07-13,53.59,95.48,65.35,231.86
2020-07-14,54.72,97.06,66.34,234.6
2020-07-15,55.34,97.72,67.77,235.58
2020-07-16,54.92,96.52,67.68,234.03
2020-07-17,55.04,96.33,68.04,237.7
2020-07-20,57.46,98.36,67.56,246.04
2020-07-21,57.0,97.0,67.15,239.69
2020-07-22,61.79,97.27,67.62,240.74
2020-07-23,59.57,92.84,68.81,237.34
2020-07-24,69.4,92.61,67.35,232.88
2020-07-27,68.97,94.81,69.08,239.69
2020-07-28,67.61,93.25,67.01,234.58
2020-07-29,76.09,95.04,68.7,238.61
2020-07-30,78.2,96.19,69.69,236.1
2020-07-31,77.43,106.26,71.62,236.43
2020-08-03,77.67,108.94,72.54,239.48
2020-08-04,85.04,109.67,73.68,239.9
2020-08-05,85.31,110.06,74.81,243.2
2020-08-06,86.71,113.9,74.65,243.57
2020-08-07,84.85,111.11,74.2,236.24
2020-08-10,82.24,112.73,74.55,231.88
2020-08-11,76.88,109.38,76.29,228.79
2020-08-12,82.61,113.01,76.4,231.57
2020-08-13,81.84,115.01,75.97,238.19
2020-08-14,81.3,114.91,75.82,234.35
2020-08-17,82.42,114.61,76.51,239.0
2020-08-18,81.66,115.56,75.61,242.69
2020-08-19,81.09,115.71,76.13,241.42
2020-08-20,82.77,118.28,74.82,249.15
2020-08-21,83.81,124.37,75.26,248.27
2020-08-24,83.08,125.86,77.18,251.8
2020-08-25,86.35,124.83,76.67,252.24
2020-08-26,86.02,126.52,76.66,248.21
2020-08-27,83.8,125.01,76.49,243.11
2020-08-28,85.55,124.81,77.9,247.39
2020-08-31,90.82,129.04,78.56,245.7
2020-09-01,92.18,134.18,78.67,253.51
2020-09-02,90.22,131.4,81.45,261.35
2020-09-03,82.54,120.88,78.63,242.09
2020-09-04,82.01,120.96,77.95,233.88
2020-09-08,78.69,112.82,75.73,224.36
2020-09-09,81.91,117.32,78.42,232.78
2020-09-10,78.98,113.49,77.71,228.2
2020-09-11,76.34,112.0,78.94,227.48
2020-09-14,77.9,115.36,79.99,229.83
2020-09-15,78.93,115.54,80.5,235.87
2020-09-16,76.66,112.13,80.12,230.76
2020-09-17,76.55,110.34,79.81,226.97
2020-09-18,74.93,106.84,79.85,225.13
2020-09-21,77.94,110.08,77.07,227.64
2020-09-22,77.7,111.81,78.08,229.56
2020-09-23,74.73,107.12,77.05,221.87
2020-09-24,75.82,108.22,77.46,220.96
2020-09-25,78.06,112.28,77.98,227.8
2020-09-28,79.48,114.96,79.6,232.15
2020-09-29,81.77,114.09,78.54,232.92
2020-09-30,81.99,115.81,78.66,231.01
2020-10-01,84.86,116.79,79.02,233.96
2020-10-02,81.8,113.02,79.34,225.56
2020-10-05,86.15,116.5,81.69,228.93
2020-10-06,84.48,113.16,82.01,228.01
2020-10-07,86.69,115.08,84.43,233.01
2020-10-08,86.51,114.97,83.65,234.31
2020-10-09,83.1,116.97,83.45,237.5
2020-10-12,84.29,124.4,83.93,242.12
2020-10-13,85.28,121.1,83.5,244.09
2020-10-14,84.21,121.19,83.57,246.7
2020-10-15,83.13,120.71,84.22,252.03
2020-10-16,83.17,119.02,84.18,259.97
2020-10-19,82.0,115.98,83.7,259.94
2020-10-20,81.56,117.51,83.75,257.34
2020-10-21,79.2,116.87,82.74,254.01
2020-10-22,79.42,115.75,84.05,252.76
2020-10-23,81.96,115.04,83.49,254.42
2020-10-26,82.23,115.05,80.36,249.13
2020-10-27,78.88,116.6,79.54,250.6
2020-10-28,76.4,111.2,76.55,237.62
2020-10-29,78.02,115.32,77.5,242.84
2020-10-30,75.29,108.86,77.89,235.54
2020-11-02,74.7,108.77,79.8,240.74
2020-11-03,76.58,110.44,81.18,248.31
2020-11-04,81.35,114.95,81.04,245.89
2020-11-05,83.0,119.03,84.02,255.92
2020-11-06,85.88,118.69,84.78,259.41
2020-11-09,83.12,116.32,85.74,262.61
2020-11-10,77.99,115.97,85.15,247.22
2020-11-11,81.28,119.49,86.37,246.79
2020-11-12,81.84,119.21,84.79,245.71
2020-11-13,81.43,119.26,87.0,251.0
2020-11-16,83.73,120.3,88.1,248.79
2020-11-17,83.36,119.39,88.27,252.71
2020-11-18,82.54,118.03,87.51,252.22
2020-11-19,85.54,118.64,88.44,256.88
2020-11-20,84.64,117.34,88.83,254.89
2020-11-23,85.31,113.85,90.02,257.25
2020-11-24,85.07,115.17,93.81,258.97
2020-11-25,86.71,116.03,92.74,271.24
2020-11-27,87.19,116.59,93.01,272.81
2020-11-30,92.66,119.05,91.65,280.23
2020-12-01,92.63,122.72,92.68,279.11
2020-12-02,93.74,123.08,93.65,277.06
2020-12-03,92.31,122.94,94.38,277.29
2020-12-04,94.04,122.25,96.28,278.0
2020-12-07,94.07,123.75,96.87,280.8
2020-12-08,92.92,124.38,96.11,284.38
2020-12-09,89.83,121.78,94.95,279.42
2020-12-10,91.66,123.24,95.72,281.16
2020-12-11,91.65,122.41,95.8,279.68
2020-12-14,94.78,121.78,95.08,288.33
2020-12-15,97.12,127.88,98.2,287.53
2020-12-16,96.85,127.81,98.05,292.17
2020-12-17,96.84,128.7,99.2,297.35
2020-12-18,95.92,126.66,97.86,305.0
2020-12-21,93.23,128.23,96.75,300.88
2020-12-22,93.16,131.88,95.86,303.86
2020-12-23,91.55,130.96,96.62,300.18
2020-12-24,91.81,131.97,97.12,301.39
2020-12-28,91.6,136.69,97.51,299.65
2020-12-29,90.62,134.87,96.12,298.11
2020-12-30,92.29,133.72,96.93,299.41
2020-12-31,91.71,132.69,97.3,305.34
