Date,00138001,00107801,00141402,00116101
2014-12-31,73.82,45.02,54.26,2.67
2015-01-02,74.14,44.9,53.85,2.69
2015-01-05,70.55,44.91,52.79,2.66
2015-01-06,69.46,44.4,51.52,2.63
2015-01-07,69.3,44.76,51.62,2.58
2015-01-08,71.38,45.68,52.69,2.61
2015-01-09,71.12,45.2,51.96,2.63
2015-01-12,68.43,45.58,51.35,2.63
2015-01-13,67.69,44.61,51.34,2.66
2015-01-14,69.24,44.28,50.32,2.63
2015-01-15,67.92,43.95,49.7,2.52
2015-01-16,70.02,44.49,50.89,2.39
2015-01-20,69.57,44.22,50.19,2.24
2015-01-21,71.41,44.06,50.1,2.45
2015-01-22,72.07,44.49,51.64,2.47
2015-01-23,70.83,43.86,51.12,2.45
2015-01-26,71.65,44.15,51.55,2.61
2015-01-27,71.61,43.68,51.15,2.7
2015-01-28,66.02,43.41,50.17,2.63
2015-01-29,65.7,45.26,51.17,2.61
2015-01-30,67.49,44.76,49.64,2.57
2015-02-02,70.08,45.23,50.9,2.67
2015-02-03,72.68,45.83,52.27,2.76
2015-02-04,72.01,45.17,52.4,2.85
2015-02-05,73.17,45.65,53.03,3.31
2015-02-06,72.97,45.5,53.75,3.03
2015-02-09,73.78,44.52,52.31,3.04
2015-02-10,72.79,44.92,54.29,3.04
2015-02-11,72.8,44.93,54.53,3.07
2015-02-12,74.71,45.22,54.54,3.12
2015-02-13,76.83,46.09,55.09,3.15
2015-02-17,77.34,46.41,54.73,3.11
2015-02-18,77.1,46.41,54.03,3.08
2015-02-19,76.48,46.61,53.79,3.06
2015-02-20,76.3,47.48,53.5,3.06
2015-02-23,75.87,47.32,52.55,3.06
2015-02-24,76.49,47.47,52.5,3.11
2015-02-25,76.65,47.4,52.46,3.1
2015-02-26,75.43,47.61,52.91,3.08
2015-02-27,75.08,47.37,52.74,3.11
2015-03-02,74.11,47.22,53.13,3.21
2015-03-03,74.49,47.09,52.91,3.14
2015-03-04,74.84,47.01,52.18,3.05
2015-03-05,73.5,47.44,52.07,2.98
2015-03-06,71.39,46.5,51.83,2.92
2015-03-09,70.42,46.83,51.73,2.93
2015-03-10,69.24,46.17,50.78,2.92
2015-03-11,69.6,46.3,51.18,2.84
2015-03-12,68.77,47.25,51.98,2.76
2015-03-13,69.0,46.88,51.04,2.75
2015-03-16,69.33,47.83,51.63,2.76
2015-03-17,68.53,47.09,51.52,2.77
2015-03-18,69.77,47.39,50.99,2.75
2015-03-19,67.4,47.44,49.78,2.74
2015-03-20,68.34,47.47,51.14,2.8
2015-03-23,67.82,47.47,51.71,2.84
2015-03-24,68.08,47.0,51.43,2.79
2015-03-25,69.1,46.53,50.86,2.63
2015-03-26,68.9,46.5,51.0,2.65
2015-03-27,67.37,46.78,50.46,2.72
2015-03-30,68.56,47.08,51.15,2.7
2015-03-31,67.87,46.33,50.9,2.68
2015-04-01,69.18,45.89,50.75,2.69
2015-04-02,69.2,46.13,50.42,2.69
2015-04-06,72.53,46.3,49.99,2.7
2015-04-07,72.35,46.19,49.65,2.7
2015-04-08,71.85,46.61,50.24,2.71
2015-04-09,72.38,47.0,50.21,2.72
2015-04-10,73.12,47.15,48.25,2.76
2015-04-13,72.72,46.53,47.87,2.78
2015-04-14,74.63,46.7,48.79,2.67
2015-04-15,78.09,46.83,49.99,2.7
2015-04-16,78.02,46.52,48.68,2.87
2015-04-17,77.46,46.25,47.9,2.58
2015-04-20,77.68,46.63,48.66,2.49
2015-04-21,74.94,47.12,48.55,2.35
2015-04-22,75.28,48.35,47.88,2.28
2015-04-23,75.8,48.46,47.78,2.33
2015-04-24,75.21,48.32,47.67,2.3
2015-04-27,75.22,47.49,46.7,2.34
2015-04-28,76.75,47.59,47.5,2.31
2015-04-29,77.97,47.17,47.54,2.28
2015-04-30,76.9,46.42,46.22,2.26
2015-05-01,75.78,46.69,46.48,2.31
2015-05-04,74.69,47.0,46.46,2.31
2015-05-05,73.9,46.85,45.81,2.28
2015-05-06,74.47,46.54,46.3,2.29
2015-05-07,73.46,46.5,46.04,2.32
2015-05-08,74.34,47.57,46.49,2.31
2015-05-11,71.69,47.33,46.39,2.32
2015-05-12,71.5,47.13,46.49,2.35
2015-05-13,70.25,47.03,46.54,2.37
2015-05-14,69.41,48.67,46.77,2.33
2015-05-15,69.66,48.71,45.91,2.32
2015-05-18,68.89,48.84,46.25,2.35
2015-05-19,67.7,49.01,45.74,2.28
2015-05-20,69.55,49.14,45.9,2.32
2015-05-21,69.94,49.34,45.67,2.28
2015-05-22,69.02,49.03,45.28,2.28
2015-05-26,67.31,48.6,44.78,2.22
2015-05-27,67.22,49.01,45.38,2.28
2015-05-28,67.29,49.26,45.02,2.27
2015-05-29,67.52,48.6,44.23,2.28
2015-06-01,66.76,48.94,43.84,2.25
2015-06-02,67.29,48.94,44.15,2.3
2015-06-03,66.76,48.86,44.47,2.28
2015-06-04,66.17,48.68,43.87,2.33
2015-06-05,66.08,48.45,44.31,2.33
2015-06-08,64.99,48.44,44.31,2.31
2015-06-09,65.57,48.18,44.49,2.29
2015-06-10,65.64,48.5,45.77,2.32
2015-06-11,68.83,49.06,45.45,2.32
2015-06-12,67.66,48.67,45.4,2.31
2015-06-15,67.33,48.07,45.22,2.32
2015-06-16,69.4,48.48,46.08,2.35
2015-06-17,69.51,48.57,46.88,2.47
2015-06-18,69.31,49.94,47.07,2.52
2015-06-19,68.64,49.89,46.65,2.58
2015-06-22,68.94,50.03,46.68,2.62
2015-06-23,70.23,49.88,47.0,2.61
2015-06-24,69.17,49.5,46.71,2.62
2015-06-25,68.03,49.33,46.69,2.58
2015-06-26,68.43,49.97,47.01,2.47
2015-06-29,66.97,49.01,45.64,2.34
2015-06-30,66.88,49.08,45.69,2.4
2015-07-01,65.42,49.52,45.69,2.42
2015-07-02,65.71,49.41,45.22,2.53
2015-07-06,64.41,49.74,44.27,2.47
2015-07-07,65.05,50.21,43.89,2.09
2015-07-08,64.37,49.25,42.29,2.01
2015-07-09,64.65,49.19,42.42,1.98
2015-07-10,64.34,49.93,42.22,1.96
2015-07-13,63.98,49.72,42.58,1.96
2015-07-14,64.57,50.2,43.79,2.05
2015-07-15,63.05,49.31,45.84,1.96
2015-07-16,62.68,49.77,46.14,1.87
2015-07-17,61.42,49.9,45.85,1.79
2015-07-20,59.6,50.06,44.99,1.8
2015-07-21,59.18,49.76,45.06,1.8
2015-07-22,59.0,50.98,44.63,1.79
2015-07-23,59.28,51.2,43.94,1.76
2015-07-24,58.49,51.05,44.38,1.67
2015-07-27,57.68,50.69,43.99,1.62
2015-07-28,59.65,50.94,44.65,1.77
2015-07-29,60.04,51.06,45.31,1.96
2015-07-30,60.33,50.77,45.51,1.93
2015-07-31,59.01,50.69,45.23,1.93
2015-08-03,57.7,50.5,45.14,2.2
2015-08-04,57.55,50.51,45.05,2.13
2015-08-05,55.92,50.48,44.56,2.16
2015-08-06,56.81,50.32,41.18,2.11
2015-08-07,55.92,50.11,41.64,2.09
2015-08-10,58.44,50.66,42.19,1.93
2015-08-11,57.89,50.39,42.19,1.9
2015-08-12,59.42,50.09,41.85,1.9
2015-08-13,58.79,49.84,41.79,1.79
2015-08-14,59.08,50.23,42.6,1.84
2015-08-17,58.78,50.38,43.7,1.8
2015-08-18,59.21,50.44,44.37,1.8
2015-08-19,56.73,49.84,44.93,1.8
2015-08-20,55.74,48.53,43.54,1.7
2015-08-21,54.99,47.13,42.99,1.78
2015-08-24,50.98,43.7,41.87,1.75
2015-08-25,49.94,42.9,41.01,1.66
2015-08-26,51.22,43.98,42.37,1.72
2015-08-27,55.76,45.64,42.29,1.78
2015-08-28,57.46,46.02,42.3,1.85
2015-08-31,59.45,45.29,42.49,1.81
2015-09-01,57.07,43.57,41.92,1.71
2015-09-02,57.51,44.24,42.47,1.77
2015-09-03,57.4,44.14,42.8,1.79
2015-09-04,56.35,43.07,42.21,1.82
2015-09-08,56.53,44.04,43.72,1.88
2015-09-09,54.92,43.23,44.26,1.85
2015-09-10,54.1,43.12,44.71,1.84
2015-09-11,52.5,43.41,45.41,2.01
2015-09-14,51.98,43.17,44.09,1.82
2015-09-15,52.79,43.81,46.11,1.86
2015-09-16,54.69,43.86,46.24,1.89
2015-09-17,54.6,44.24,45.62,1.89
2015-09-18,52.43,43.33,44.03,1.87
2015-09-21,52.3,43.3,44.18,1.81
2015-09-22,51.15,42.48,43.34,1.73
2015-09-23,50.07,42.2,43.0,1.7
2015-09-24,50.05,41.94,43.44,1.72
2015-09-25,50.27,40.86,43.96,1.71
2015-09-28,48.26,39.06,43.42,1.66
2015-09-29,48.28,39.5,43.69,1.67
2015-09-30,50.06,40.22,45.07,1.72
2015-10-01,50.75,40.76,45.01,1.74
2015-10-02,53.69,41.38,45.54,1.83
2015-10-05,55.88,41.39,46.17,1.8
2015-10-06,58.78,39.89,46.84,1.83
2015-10-07,59.98,40.63,48.29,1.86
2015-10-08,62.57,41.16,48.29,1.93
2015-10-09,61.91,41.89,47.87,1.96
2015-10-12,60.13,41.57,48.14,1.87
2015-10-13,60.28,40.92,47.49,1.92
2015-10-14,60.21,40.72,46.29,1.95
2015-10-15,61.42,41.87,46.55,1.97
2015-10-16,61.03,42.22,46.5,1.94
2015-10-19,59.82,42.15,46.37,2.01
2015-10-20,60.35,41.74,46.31,2.02
2015-10-21,59.08,42.2,45.72,2.1
2015-10-22,61.13,43.5,46.65,2.14
2015-10-23,60.87,43.6,48.42,2.21
2015-10-26,58.71,43.61,47.45,2.15
2015-10-27,56.93,43.88,46.49,2.15
2015-10-28,57.07,44.76,48.54,2.18
2015-10-29,56.14,45.24,48.14,2.13
2015-10-30,56.21,44.8,47.63,2.12
2015-11-02,57.62,45.43,48.77,2.19
2015-11-03,60.15,45.51,49.12,2.28
2015-11-04,60.42,45.18,49.04,2.2
2015-11-05,62.19,45.18,50.25,2.2
2015-11-06,62.76,45.63,52.07,2.15
2015-11-09,61.98,45.05,51.16,2.11
2015-11-10,62.79,45.76,51.73,2.02
2015-11-11,61.16,45.07,51.0,2.07
2015-11-12,59.72,44.19,48.99,2.0
2015-11-13,59.76,43.96,49.02,1.99
2015-11-16,61.84,44.88,49.91,1.99
2015-11-17,60.09,44.77,50.0,1.98
2015-11-18,61.17,45.8,50.89,2.12
2015-11-19,60.1,45.73,50.57,2.14
2015-11-20,58.94,46.01,50.59,2.22
2015-11-23,58.75,45.44,50.24,2.22
2015-11-24,61.36,45.45,50.71,2.34
2015-11-25,60.88,45.41,51.08,2.38
2015-11-27,59.09,45.42,51.41,2.33
2015-11-30,59.0,44.92,51.24,2.36
2015-12-01,59.55,45.46,51.69,2.34
2015-12-02,56.74,45.22,52.6,2.27
2015-12-03,55.56,44.15,51.92,2.23
2015-12-04,54.9,45.3,52.67,2.28
2015-12-07,53.0,45.56,52.67,2.36
2015-12-08,51.95,45.55,52.02,2.39
2015-12-09,51.97,44.96,50.8,2.35
2015-12-10,52.48,45.31,50.22,2.45
2015-12-11,50.43,44.36,48.36,2.36
2015-12-14,50.12,44.81,47.69,2.34
2015-12-15,51.73,45.59,48.51,2.36
2015-12-16,50.92,46.05,48.06,2.54
2015-12-17,49.2,45.26,47.55,2.56
2015-12-18,48.5,43.7,46.04,2.45
2015-12-21,47.44,44.04,47.12,2.53
2015-12-22,48.48,44.48,47.97,2.77
2015-12-23,51.27,45.1,48.4,2.83
2015-12-24,50.57,45.1,49.04,2.92
2015-12-28,48.99,45.03,48.61,3.0
2015-12-29,49.36,45.82,48.88,3.0
2015-12-30,48.17,45.27,48.29,2.98
2015-12-31,48.48,44.91,47.23,2.87
2016-01-04,48.18,42.93,46.28,2.77
2016-01-05,48.07,42.92,46.77,2.75
2016-01-06,45.07,42.56,45.06,2.5
2016-01-07,43.62,41.54,43.27,2.28
2016-01-08,43.58,40.67,43.9,2.14
2016-01-11,41.69,40.73,44.03,2.34
2016-01-12,39.6,41.46,44.34,2.39
2016-01-13,38.59,40.28,42.53,2.25
2016-01-14,39.96,41.1,42.52,2.21
2016-01-15,38.72,40.54,41.96,2.03
2016-01-19,36.53,40.43,42.17,1.95
2016-01-20,35.21,39.96,42.27,1.8
2016-01-21,37.62,39.48,41.54,2.09
2016-01-22,38.33,40.03,43.87,2.02
2016-01-25,34.38,39.66,42.0,2.12
2016-01-26,34.81,40.16,43.55,2.07
2016-01-27,36.85,40.47,42.63,2.13
2016-01-28,40.34,36.71,43.45,2.08
2016-01-29,42.5,37.85,45.01,2.2
2016-02-01,41.76,38.45,44.13,2.14
2016-02-02,39.36,37.88,42.03,1.99
2016-02-03,42.99,38.02,41.24,2.07
2016-02-04,43.47,38.01,42.28,2.09
2016-02-05,38.02,37.41,42.13,1.98
2016-02-08,38.99,37.46,41.48,1.93
2016-02-09,38.7,37.0,41.17,1.9
2016-02-10,39.29,37.21,41.33,1.84
2016-02-11,38.93,36.34,40.19,1.86
2016-02-12,40.11,37.13,39.93,1.83
2016-02-16,40.84,37.99,41.6,1.83
2016-02-17,43.47,38.45,42.85,1.9
2016-02-18,42.07,38.31,42.5,1.91
2016-02-19,42.31,38.53,43.15,1.91
2016-02-22,44.58,39.16,43.71,2.01
2016-02-23,41.92,38.39,41.88,1.97
2016-02-24,41.7,39.2,42.33,2.02
2016-02-25,41.58,39.63,42.75,2.03
2016-02-26,43.07,39.52,43.14,2.07
2016-02-29,43.6,38.74,42.19,2.14
2016-03-01,44.31,39.33,43.27,2.18
2016-03-02,46.92,39.34,42.19,2.32
2016-03-03,48.0,38.82,42.88,2.46
2016-03-04,48.39,39.18,43.37,2.37
2016-03-07,49.28,39.18,42.99,2.47
2016-03-08,46.76,39.17,41.44,2.3
2016-03-09,47.08,39.28,42.95,2.26
2016-03-10,48.27,39.03,42.92,2.26
2016-03-11,51.26,40.37,44.76,2.52
2016-03-14,50.2,40.5,44.44,2.72
2016-03-15,50.17,39.9,43.71,2.49
2016-03-16,51.83,40.18,44.02,2.63
2016-03-17,53.19,40.29,44.49,2.8
2016-03-18,53.9,40.79,45.73,2.93
2016-03-21,53.84,40.76,45.15,2.8
2016-03-22,53.7,41.03,44.7,2.79
2016-03-23,51.6,40.78,43.97,2.68
2016-03-24,52.1,40.75,43.34,2.79
2016-03-28,50.84,40.88,44.12,2.78
2016-03-29,50.4,41.47,45.12,2.86
2016-03-30,50.97,41.65,45.36,2.86
2016-03-31,52.65,41.83,44.53,2.85
2016-04-01,52.03,42.19,44.3,2.83
2016-04-04,50.55,42.32,43.81,2.83
2016-04-05,51.26,42.04,42.89,2.76
2016-04-06,54.0,43.05,45.73,2.8
2016-04-07,52.9,42.61,43.02,2.64
2016-04-08,54.48,42.37,43.3,2.74
2016-04-11,54.74,42.48,43.5,2.76
2016-04-12,57.36,42.82,45.29,2.81
2016-04-13,56.58,43.35,46.76,2.8
2016-04-14,57.72,43.51,46.46,2.72
2016-04-15,57.17,43.41,46.47,2.7
2016-04-18,59.84,43.95,46.52,2.76
2016-04-19,61.17,43.85,47.74,2.62
2016-04-20,61.18,43.97,49.01,2.7
2016-04-21,60.18,43.88,49.33,2.62
2016-04-22,63.38,44.08,50.31,3.99
2016-04-25,61.87,44.01,50.35,3.45
2016-04-26,63.25,43.88,51.08,3.66
2016-04-27,61.27,43.83,50.47,3.73
2016-04-28,59.18,40.42,49.72,3.61
2016-04-29,59.62,38.9,49.56,3.55
2016-05-02,58.98,38.85,49.73,3.74
2016-05-03,56.75,38.55,49.14,3.6
2016-05-04,55.32,38.1,49.09,3.6
2016-05-05,55.88,38.5,49.8,3.66
2016-05-06,56.15,37.97,50.32,3.68
2016-05-09,54.47,37.98,50.45,3.65
2016-05-10,57.71,38.1,50.92,3.64
2016-05-11,58.32,38.01,50.49,3.65
2016-05-12,58.14,38.0,51.04,3.59
2016-05-13,57.76,37.6,50.93,3.67
2016-05-16,58.42,38.25,51.18,3.79
2016-05-17,57.66,37.71,51.31,3.79
2016-05-18,57.96,37.75,52.59,3.84
2016-05-19,57.26,37.24,52.36,3.77
2016-05-20,57.66,37.6,52.59,3.87
2016-05-23,58.59,37.37,52.57,4.04
2016-05-24,58.2,37.98,54.24,4.2
2016-05-25,60.64,38.68,55.06,4.18
2016-05-26,60.44,38.89,54.97,4.35
2016-05-27,60.23,39.3,55.72,4.6
2016-05-31,59.93,39.63,56.11,4.57
2016-06-01,58.92,39.5,56.7,4.43
2016-06-02,59.23,39.53,56.68,4.24
2016-06-03,58.36,39.18,56.62,4.16
2016-06-06,60.31,39.17,58.13,4.47
2016-06-07,61.57,38.93,58.18,4.51
2016-06-08,61.86,38.91,58.58,4.46
2016-06-09,60.38,38.87,57.87,4.52
2016-06-10,57.7,38.4,57.17,4.32
2016-06-13,57.49,37.86,56.93,4.4
2016-06-14,57.82,37.66,56.54,4.39
2016-06-15,57.15,37.43,56.33,4.42
2016-06-16,56.1,37.5,56.47,4.75
2016-06-17,56.96,37.39,56.15,5.26
2016-06-20,58.32,37.75,56.73,5.1
2016-06-21,58.7,37.73,55.9,5.45
2016-06-22,58.02,38.74,56.61,5.02
2016-06-23,59.77,39.63,58.18,5.21
2016-06-24,55.83,37.91,53.96,4.88
2016-06-27,52.63,36.95,52.73,4.72
2016-06-28,55.14,37.56,55.6,5.12
2016-06-29,57.77,38.57,56.46,5.13
2016-06-30,60.1,39.31,57.24,5.14
2016-07-01,60.15,39.54,57.09,5.07
2016-07-05,56.96,39.44,56.31,4.96
2016-07-06,56.88,40.83,56.67,5.04
2016-07-07,56.48,41.36,56.98,5.02
2016-07-08,56.81,41.89,57.85,5.1
2016-07-11,56.07,42.12,58.22,5.01
2016-07-12,60.13,42.47,58.95,5.14
2016-07-13,58.02,41.97,57.99,5.09
2016-07-14,58.01,42.28,57.78,5.17
2016-07-15,56.93,42.1,57.43,5.14
2016-07-18,57.6,42.09,56.87,5.51
2016-07-19,56.11,41.8,53.25,5.41
2016-07-20,56.36,42.65,52.53,5.41
2016-07-21,54.91,43.04,52.33,5.22
2016-07-22,54.12,43.17,52.68,5.84
2016-07-25,52.81,43.41,52.14,6.7
2016-07-26,53.68,43.6,52.14,6.98
2016-07-27,51.6,43.67,52.17,6.85
2016-07-28,52.17,44.45,51.89,6.82
2016-07-29,53.65,44.75,51.51,6.86
2016-08-01,51.23,45.29,50.59,6.64
2016-08-02,51.75,45.07,50.04,6.26
2016-08-03,53.39,44.95,50.36,6.3
2016-08-04,53.87,44.81,50.47,6.47
2016-08-05,54.64,45.26,52.31,6.61
2016-08-08,55.92,45.02,52.34,6.68
2016-08-09,55.42,45.08,54.41,6.6
2016-08-10,54.72,44.81,55.02,6.49
2016-08-11,56.54,45.05,56.45,6.58
2016-08-12,56.28,45.04,55.35,6.73
2016-08-15,56.65,45.15,56.03,6.95
2016-08-16,56.67,44.92,56.05,6.78
2016-08-17,56.7,44.68,56.08,6.68
2016-08-18,57.62,44.36,55.75,7.04
2016-08-19,57.23,44.24,55.77,7.62
2016-08-22,56.2,44.17,55.38,7.58
2016-08-23,56.42,43.9,55.79,7.67
2016-08-24,56.35,43.17,56.27,7.43
2016-08-25,56.81,42.84,57.25,7.46
2016-08-26,56.67,42.98,57.12,7.67
2016-08-29,56.42,43.25,57.35,7.59
2016-08-30,56.08,42.83,57.59,7.49
2016-08-31,54.3,42.02,56.93,7.4
2016-09-01,53.31,42.3,57.32,7.35
2016-09-02,53.08,42.09,58.18,7.51
2016-09-06,51.23,42.16,57.8,7.34
2016-09-07,50.81,41.9,57.66,6.84
2016-09-08,52.55,41.85,57.36,6.22
2016-09-09,49.92,41.01,56.45,5.9
2016-09-12,49.88,41.42,55.82,5.94
2016-09-13,47.77,40.64,55.38,5.74
2016-09-14,46.91,40.81,55.38,6.04
2016-09-15,46.65,41.12,56.25,6.02
2016-09-16,46.48,41.87,55.47,6.05
2016-09-19,45.96,41.68,55.74,6.16
2016-09-20,45.67,41.58,55.86,6.17
2016-09-21,47.0,41.92,57.15,6.29
2016-09-22,47.78,42.22,57.43,6.37
2016-09-23,46.91,42.19,55.49,6.55
2016-09-26,47.63,41.68,53.86,6.32
2016-09-27,46.81,42.33,54.09,6.54
2016-09-28,49.84,42.29,53.89,6.59
2016-09-29,52.15,41.44,52.69,6.67
2016-09-30,53.62,42.29,53.03,6.91
2016-10-03,53.9,42.55,54.76,6.95
2016-10-04,52.25,42.1,54.36,6.97
2016-10-05,53.48,42.74,54.69,6.78
2016-10-06,53.66,42.97,54.32,6.96
2016-10-07,53.07,42.97,53.82,6.75
2016-10-10,53.95,43.5,54.93,6.84
2016-10-11,52.57,41.16,54.5,6.5
2016-10-12,51.96,40.98,55.49,6.62
2016-10-13,51.52,40.98,55.18,6.49
2016-10-14,51.7,40.79,56.0,6.75
2016-10-17,50.82,40.59,55.1,6.67
2016-10-18,50.98,41.17,55.2,6.73
2016-10-19,52.37,40.01,56.05,6.77
2016-10-20,52.65,40.74,55.2,6.96
2016-10-21,52.76,40.5,55.15,6.52
2016-10-24,52.22,40.41,55.45,7.0
2016-10-25,50.9,40.19,55.15,7.5
2016-10-26,50.26,39.96,55.4,7.29
2016-10-27,50.42,40.29,54.9,7.11
2016-10-28,50.3,39.54,54.6,7.2
2016-10-31,47.97,39.24,54.7,7.23
2016-11-01,47.85,39.05,54.4,7.09
2016-11-02,47.09,38.7,53.35,6.76
2016-11-03,47.09,38.38,53.2,6.7
2016-11-04,46.42,39.09,53.15,6.56
2016-11-07,47.44,39.86,54.8,6.96
2016-11-08,47.74,39.83,55.6,7.0
2016-11-09,49.0,40.07,61.25,6.94
2016-11-10,49.64,40.61,68.0,6.3
2016-11-11,47.58,40.14,68.8,6.68
2016-11-14,48.07,39.2,72.5,6.79
2016-11-15,50.59,39.81,70.5,6.97
2016-11-16,50.82,39.95,68.8,7.67
2016-11-17,50.5,40.39,70.7,8.46
2016-11-18,50.97,39.84,71.5,8.71
2016-11-21,52.81,39.76,70.85,8.94
2016-11-22,52.62,38.1,71.65,8.69
2016-11-23,53.2,38.98,72.25,8.8
2016-11-25,52.73,39.16,72.0,8.77
2016-11-28,51.0,38.74,70.75,8.83
2016-11-29,49.05,38.73,71.0,8.93
2016-11-30,55.96,38.07,70.7,8.91
2016-12-01,56.11,37.6,71.35,8.39
2016-12-02,57.92,37.9,70.15,8.53
2016-12-05,59.0,38.43,71.8,8.68
2016-12-06,59.81,38.42,70.65,9.45
2016-12-07,60.95,38.48,70.7,9.56
2016-12-08,61.67,38.68,71.3,10.34
2016-12-09,62.76,39.2,70.8,10.34
2016-12-12,62.9,39.2,70.1,10.68
2016-12-13,65.14,39.44,70.75,10.54
2016-12-14,63.17,38.82,70.0,10.55
2016-12-15,62.68,38.93,70.0,10.86
2016-12-16,62.5,38.1,68.75,10.66
2016-12-19,63.37,38.34,69.65,10.95
2016-12-20,63.39,38.19,70.4,11.51
2016-12-21,63.56,38.24,70.1,11.47
2016-12-22,63.71,38.29,69.8,11.6
2016-12-23,63.78,38.42,70.4,11.58
2016-12-27,64.41,38.6,69.7,12.07
2016-12-28,63.48,38.22,69.4,11.55
2016-12-29,62.9,38.31,69.85,11.59
2016-12-30,62.29,38.41,69.15,11.34
2017-01-03,62.82,39.05,69.95,11.43
2017-01-04,61.93,39.36,71.0,11.43
2017-01-05,62.1,39.7,69.95,11.24
2017-01-06,61.9,40.78,70.95,11.32
2017-01-09,60.61,40.74,70.1,11.49
2017-01-10,61.45,41.29,71.55,11.44
2017-01-11,61.84,41.08,72.25,11.2
2017-01-12,58.85,40.72,72.6,10.76
2017-01-13,58.89,40.93,74.6,10.58
2017-01-17,59.3,40.9,72.1,9.82
2017-01-18,58.83,40.76,72.95,9.88
2017-01-19,57.72,40.4,72.95,9.77
2017-01-20,57.98,40.46,73.2,9.75
2017-01-23,57.15,40.34,72.7,9.91
2017-01-24,57.52,40.31,73.2,10.44
2017-01-25,56.46,40.31,76.15,10.35
2017-01-26,56.17,40.96,76.4,10.52
2017-01-27,54.87,41.0,76.15,10.67
2017-01-30,53.94,41.01,75.55,10.61
2017-01-31,54.18,41.77,75.45,10.37
2017-02-01,53.51,42.33,75.3,12.06
2017-02-02,53.96,42.75,74.75,12.28
2017-02-03,54.31,42.78,77.25,12.24
2017-02-06,53.16,42.43,77.2,13.63
2017-02-07,51.51,42.89,77.0,13.29
2017-02-08,51.54,42.4,77.6,13.56
2017-02-09,52.32,42.54,78.4,13.42
2017-02-10,52.51,42.74,80.5,13.58
2017-02-13,51.88,43.22,80.15,13.49
2017-02-14,52.0,43.65,80.3,13.26
2017-02-15,51.05,44.0,80.45,13.3
2017-02-16,51.3,44.2,80.5,12.97
2017-02-17,51.75,44.69,80.75,13.13
2017-02-21,52.82,45.01,80.7,14.0
2017-02-22,51.56,45.01,80.55,14.28
2017-02-23,52.52,45.4,80.3,14.32
2017-02-24,52.49,45.68,80.15,14.12
2017-02-27,52.69,45.46,80.55,15.2
2017-02-28,51.44,45.08,80.75,14.46
2017-03-01,51.66,45.59,83.0,14.96
2017-03-02,51.76,45.69,81.2,13.9
2017-03-03,51.03,45.25,81.8,13.03
2017-03-06,51.03,45.13,81.7,13.04
2017-03-07,49.51,45.0,81.35,13.05
2017-03-08,47.87,45.36,80.35,13.22
2017-03-09,48.38,45.63,80.35,13.33
2017-03-10,47.42,45.72,81.4,13.91
2017-03-13,47.79,45.53,81.5,14.28
2017-03-14,47.17,44.8,81.65,14.1
2017-03-15,49.15,45.32,82.2,13.98
2017-03-16,48.59,44.98,83.4,13.65
2017-03-17,48.26,45.19,82.3,13.49
2017-03-20,48.3,44.98,81.65,14.4
2017-03-21,47.67,44.8,79.85,13.82
2017-03-22,46.84,44.81,79.7,14.1
2017-03-23,46.54,44.77,80.25,13.79
2017-03-24,46.1,44.73,80.35,13.7
2017-03-27,45.79,44.7,80.05,13.7
2017-03-28,47.45,44.7,81.2,13.69
2017-03-29,49.76,44.67,80.7,13.71
2017-03-30,48.98,44.55,82.2,14.05
2017-03-31,48.21,44.41,82.2,14.55
2017-04-03,46.97,44.47,82.1,14.64
2017-04-04,47.64,44.18,81.95,14.16
2017-04-05,47.21,43.8,81.15,14.17
2017-04-06,48.24,43.67,82.6,13.27
2017-04-07,48.05,43.83,82.65,13.52
2017-04-10,49.97,43.59,82.15,13.1
2017-04-11,51.11,43.58,82.95,13.1
2017-04-12,50.57,43.48,81.6,12.76
2017-04-13,49.44,42.67,81.1,12.31
2017-04-17,49.41,43.31,82.85,12.79
2017-04-18,48.19,43.43,82.95,12.95
2017-04-19,46.7,43.59,82.8,12.84
2017-04-20,46.89,43.98,85.05,13.11
2017-04-21,47.31,43.53,82.8,13.0
2017-04-24,47.66,44.13,84.75,13.13
2017-04-25,48.64,43.76,85.0,13.49
2017-04-26,49.51,43.8,84.2,13.41
2017-04-27,49.76,43.65,84.7,13.62
2017-04-28,48.83,43.64,83.8,13.3
2017-05-01,47.97,43.48,84.35,13.62
2017-05-02,47.01,43.6,84.95,10.32
2017-05-03,46.87,43.72,85.35,10.39
2017-05-04,45.84,44.59,85.15,10.1
2017-05-05,47.42,44.64,85.3,10.19
2017-05-08,48.43,44.68,85.65,10.04
2017-05-09,47.83,44.67,84.75,10.18
2017-05-10,49.23,44.5,78.75,10.79
2017-05-11,49.66,43.86,76.85,11.07
2017-05-12,49.37,43.96,76.55,11.26
2017-05-15,49.71,44.04,78.4,11.42
2017-05-16,48.78,43.69,80.15,12.75
2017-05-17,47.95,43.08,77.85,11.2
2017-05-18,47.78,42.98,76.6,11.28
2017-05-19,48.93,43.16,76.55,11.41
2017-05-22,49.24,43.73,77.25,11.04
2017-05-23,49.57,43.68,73.9,10.89
2017-05-24,49.55,43.53,71.7,10.89
2017-05-25,47.8,43.95,72.2,10.98
2017-05-26,48.14,44.71,71.75,11.0
2017-05-30,46.67,45.0,72.05,11.12
2017-05-31,45.89,45.66,72.2,11.19
2017-06-01,46.65,46.1,73.55,10.93
2017-06-02,45.75,46.5,72.8,10.9
2017-06-05,46.11,46.62,71.45,11.24
2017-06-06,46.94,46.36,71.7,12.03
2017-06-07,44.8,46.56,72.25,12.38
2017-06-08,43.49,46.72,73.2,12.9
2017-06-09,45.49,47.29,74.1,12.28
2017-06-12,45.38,47.17,75.1,12.09
2017-06-13,46.57,47.46,75.65,11.96
2017-06-14,45.29,47.64,75.4,11.77
2017-06-15,43.49,48.12,74.95,11.5
2017-06-16,43.62,48.21,75.3,11.44
2017-06-19,42.96,48.89,75.9,11.93
2017-06-20,41.59,48.77,75.15,12.64
2017-06-21,40.31,48.57,74.65,13.98
2017-06-22,41.01,49.27,74.4,14.38
2017-06-23,41.4,49.08,74.7,14.17
2017-06-26,41.59,48.91,74.75,14.08
2017-06-27,41.37,48.67,74.9,13.4
2017-06-28,42.09,48.48,76.25,13.23
2017-06-29,43.0,48.73,75.85,12.6
2017-06-30,43.87,48.61,75.75,12.48
2017-07-03,45.42,48.71,76.9,12.15
2017-07-05,43.36,49.0,76.2,13.19
2017-07-06,42.83,47.94,75.8,13.02
2017-07-07,41.79,48.44,77.4,13.36
2017-07-10,42.46,48.23,77.35,13.81
2017-07-11,43.06,48.15,77.5,13.89
2017-07-12,43.13,48.43,77.0,14.29
2017-07-13,43.31,48.08,77.5,13.53
2017-07-14,43.96,48.91,78.2,13.92
2017-07-17,43.59,48.76,77.85,13.8
2017-07-18,43.36,48.74,77.9,13.48
2017-07-19,44.94,49.43,78.65,13.55
2017-07-20,44.05,50.85,78.9,13.8
2017-07-21,43.46,50.84,78.35,13.88
2017-07-24,44.13,50.8,79.5,14.16
2017-07-25,45.37,50.83,80.8,14.11
2017-07-26,43.47,50.4,81.25,14.76
2017-07-27,43.98,50.11,81.65,14.12
2017-07-28,44.8,49.61,81.3,13.95
2017-07-31,44.54,49.18,81.05,13.61
2017-08-01,43.16,49.15,81.8,13.71
2017-08-02,44.0,49.23,81.3,13.37
2017-08-03,43.21,49.16,80.85,13.24
2017-08-04,44.35,49.26,82.2,13.12
2017-08-07,42.86,49.3,81.9,13.43
2017-08-08,42.62,48.88,81.75,13.11
2017-08-09,42.36,48.77,80.25,12.83
2017-08-10,41.74,48.06,80.85,12.12
2017-08-11,41.33,48.54,80.6,12.23
2017-08-14,40.54,49.08,81.75,12.76
2017-08-15,40.7,48.82,80.05,13.02
2017-08-16,39.29,49.81,79.7,12.63
2017-08-17,38.37,49.29,76.85,12.34
2017-08-18,38.45,48.74,76.3,12.37
2017-08-21,38.09,48.88,76.0,12.05
2017-08-22,38.6,49.71,76.3,12.17
2017-08-23,38.79,49.64,76.4,12.48
2017-08-24,38.36,49.38,76.4,12.5
2017-08-25,38.5,49.35,76.8,12.43
2017-08-28,38.3,50.26,76.5,12.23
2017-08-29,38.13,50.15,76.5,12.15
2017-08-30,38.43,50.11,76.5,12.67
2017-08-31,38.9,50.94,76.55,13.0
2017-09-01,39.45,51.18,76.85,13.19
2017-09-05,40.06,51.03,74.2,12.92
2017-09-06,41.04,51.19,73.75,12.86
2017-09-07,41.33,51.49,72.15,12.63
2017-09-08,40.27,52.02,73.2,12.25
2017-09-11,40.92,52.45,74.55,12.55
2017-09-12,41.42,52.25,74.9,12.3
2017-09-13,42.13,52.0,74.3,12.22
2017-09-14,42.25,51.69,75.15,12.26
2017-09-15,42.17,51.76,76.15,12.52
2017-09-18,42.48,52.08,76.7,13.08
2017-09-19,42.73,51.41,76.8,13.12
2017-09-20,43.46,51.89,77.45,13.74
2017-09-21,43.63,51.43,77.35,13.41
2017-09-22,44.5,52.51,78.15,13.3
2017-09-25,46.1,52.61,78.4,12.61
2017-09-26,46.32,52.85,79.65,12.45
2017-09-27,46.94,52.15,81.55,12.74
2017-09-28,46.54,53.64,81.85,12.74
2017-09-29,46.89,53.36,81.55,12.75
2017-10-02,46.29,53.68,81.85,12.71
2017-10-03,45.69,53.75,81.95,13.42
2017-10-04,45.26,54.34,82.2,13.31
2017-10-05,45.51,54.92,83.7,13.34
2017-10-06,44.59,55.0,84.65,13.23
2017-10-09,44.33,54.66,85.4,13.47
2017-10-10,44.31,55.4,86.5,13.7
2017-10-11,44.33,54.44,87.25,13.88
2017-10-12,44.2,54.71,87.7,14.2
2017-10-13,44.99,54.65,87.3,14.22
2017-10-16,46.04,54.63,89.25,14.26
2017-10-17,45.96,55.06,87.6,14.16
2017-10-18,45.87,55.77,88.7,14.07
2017-10-19,45.05,56.0,86.35,13.95
2017-10-20,45.03,56.32,85.95,13.81
2017-10-23,45.21,56.08,85.95,14.1
2017-10-24,44.06,55.38,86.55,14.25
2017-10-25,42.21,55.49,86.5,12.33
2017-10-26,41.28,55.48,87.1,12.01
2017-10-27,43.54,55.37,88.85,11.84
2017-10-30,43.66,54.29,87.45,10.89
2017-10-31,44.16,54.23,88.5,10.98
2017-11-01,44.3,54.0,87.7,10.8
2017-11-02,44.41,54.37,88.65,10.85
2017-11-03,45.46,55.47,88.65,11.12
2017-11-06,48.23,55.01,88.95,11.93
2017-11-07,47.95,55.16,88.75,12.05
2017-11-08,47.08,55.25,99.8,11.71
2017-11-09,47.53,55.45,98.55,11.12
2017-11-10,47.11,54.8,99.6,11.26
2017-11-13,46.59,55.3,100.1,11.09
2017-11-14,44.91,55.01,100.0,11.12
2017-11-15,43.67,54.83,98.9,11.07
2017-11-16,44.09,55.54,98.2,11.25
2017-11-17,44.55,55.56,97.95,11.38
2017-11-20,43.56,55.29,98.55,11.34
2017-11-21,43.07,56.12,99.2,11.4
2017-11-22,43.45,55.8,98.85,11.37
2017-11-24,44.4,56.13,98.95,11.38
2017-11-27,43.1,56.15,99.05,11.55
2017-11-28,43.38,56.02,102.65,11.17
2017-11-29,44.81,55.58,105.3,10.83
2017-11-30,45.88,56.37,104.0,10.89
2017-12-01,47.09,55.98,103.45,10.73
2017-12-04,46.57,54.71,105.0,10.03
2017-12-05,46.29,54.79,103.75,9.91
2017-12-06,44.67,54.66,102.25,10.0
2017-12-07,44.6,54.69,102.55,10.04
2017-12-08,45.49,54.64,103.75,9.94
2017-12-11,45.76,54.94,104.0,10.16
2017-12-12,45.41,55.7,104.05,9.9
2017-12-13,44.1,55.06,103.8,10.11
2017-12-14,42.67,54.73,101.65,10.13
2017-12-15,43.4,55.5,103.15,10.29
2017-12-18,43.6,56.4,103.9,10.98
2017-12-19,43.36,56.8,102.95,10.95
2017-12-20,43.99,57.02,102.75,10.98
2017-12-21,46.34,56.93,103.05,10.89
2017-12-22,47.01,56.93,103.4,10.54
2017-12-26,48.46,57.0,102.8,10.46
2017-12-27,48.14,57.47,102.55,10.53
2017-12-28,48.36,57.46,102.8,10.55
2017-12-29,47.47,57.07,101.55,10.28
2018-01-02,47.85,58.79,102.05,10.98
2018-01-03,49.4,58.92,101.1,11.55
2018-01-04,50.59,58.82,102.7,12.12
2018-01-05,52.16,58.99,103.65,11.88
2018-01-08,52.49,58.82,103.4,12.28
2018-01-09,52.46,58.92,104.05,11.82
2018-01-10,53.0,58.83,102.4,11.96
2018-01-11,54.72,58.95,105.3,12.14
2018-01-12,54.54,58.84,103.9,12.02
2018-01-16,53.54,58.44,102.65,11.91
2018-01-17,54.02,58.99,104.2,12.18
2018-01-18,53.84,59.07,103.2,12.47
2018-01-19,52.61,59.31,104.5,12.59
2018-01-22,53.47,59.57,105.95,12.65
2018-01-23,53.62,59.23,106.45,12.94
2018-01-24,53.88,61.72,105.35,12.71
2018-01-25,53.59,63.22,104.75,12.41
2018-01-26,53.69,63.42,105.6,12.95
2018-01-29,52.31,63.31,103.85,13.32
2018-01-30,50.52,62.44,102.5,12.87
2018-01-31,50.51,62.16,101.0,13.74
2018-02-01,50.59,62.18,102.2,13.25
2018-02-02,47.79,61.69,101.0,12.45
2018-02-05,44.49,58.73,95.2,11.57
2018-02-06,45.96,58.86,96.55,11.65
2018-02-07,44.11,58.67,96.75,11.6
2018-02-08,43.0,56.27,94.75,11.22
2018-02-09,42.12,57.17,96.3,11.31
2018-02-12,44.14,57.41,95.15,11.68
2018-02-13,42.8,57.64,97.35,11.78
2018-02-14,45.37,58.28,99.2,12.2
2018-02-15,45.53,59.5,98.9,12.19
2018-02-16,45.65,60.17,99.5,11.82
2018-02-20,45.84,59.12,99.2,12.02
2018-02-21,45.23,58.99,99.75,11.72
2018-02-22,47.08,58.99,99.05,11.84
2018-02-23,47.87,59.71,100.55,12.07
2018-02-26,47.78,60.53,101.75,12.42
2018-02-27,46.47,60.55,100.45,12.53
2018-02-28,45.42,60.33,97.5,12.11
2018-03-01,45.67,58.79,93.5,11.9
2018-03-02,46.68,59.46,95.35,11.81
2018-03-05,48.44,60.37,96.2,11.91
2018-03-06,48.48,60.88,96.45,11.76
2018-03-07,46.48,61.29,98.6,12.24
2018-03-08,46.7,61.87,98.9,11.97
2018-03-09,48.46,63.6,102.55,11.7
2018-03-12,48.65,63.62,102.2,11.52
2018-03-13,48.4,63.2,102.0,11.64
2018-03-14,48.57,62.86,100.3,11.36
2018-03-15,48.86,62.59,100.55,11.46
2018-03-16,48.98,63.18,101.95,11.47
2018-03-19,46.96,62.26,100.4,11.43
2018-03-20,48.39,62.65,100.95,11.11
2018-03-21,50.69,62.42,101.35,11.26
2018-03-22,50.1,60.93,97.75,10.91
2018-03-23,49.46,59.5,95.85,10.63
2018-03-26,50.48,61.07,100.4,10.44
2018-03-27,49.87,60.28,98.15,10.0
2018-03-28,48.73,59.23,96.9,9.81
2018-03-29,50.62,59.92,96.6,10.05
2018-04-02,48.5,58.21,94.8,9.53
2018-04-03,50.45,59.0,96.15,9.55
2018-04-04,51.01,59.46,97.0,9.77
2018-04-05,52.54,59.86,96.8,10.02
2018-04-06,51.09,57.57,95.95,9.61
2018-04-09,51.6,58.22,96.05,9.53
2018-04-10,53.69,59.14,97.0,9.98
2018-04-11,54.93,58.45,96.55,9.82
2018-04-12,55.0,58.83,96.5,10.08
2018-04-13,56.32,58.49,94.25,9.93
2018-04-16,56.24,59.27,95.0,10.09
2018-04-17,56.33,59.8,95.1,10.52
2018-04-18,57.92,59.52,96.15,10.36
2018-04-19,58.2,59.88,97.6,10.11
2018-04-20,57.81,59.19,97.5,9.99
2018-04-23,58.54,58.84,97.4,10.04
2018-04-24,57.65,58.31,96.95,10.09
2018-04-25,59.34,58.65,97.5,9.71
2018-04-26,58.44,59.5,98.3,11.04
2018-04-27,56.63,59.56,98.0,11.11
2018-04-30,56.99,58.13,96.75,10.88
2018-05-01,57.65,58.82,96.85,11.13
2018-05-02,57.61,57.85,95.55,10.97
2018-05-03,57.79,57.93,92.7,10.93
2018-05-04,58.71,58.74,94.7,11.28
2018-05-07,59.22,59.32,94.95,11.59
2018-05-08,60.91,58.71,95.35,11.61
2018-05-09,62.35,59.4,92.85,11.95
2018-05-10,63.3,60.56,94.5,12.13
2018-05-11,62.72,61.26,93.95,11.95
2018-05-14,63.13,62.02,93.95,12.23
2018-05-15,63.46,60.54,94.8,12.45
2018-05-16,63.61,60.77,95.35,12.82
2018-05-17,65.17,61.06,97.45,12.82
2018-05-18,64.66,61.71,97.65,13.0
2018-05-21,65.27,62.11,98.6,12.99
2018-05-22,63.82,61.39,98.7,12.98
2018-05-23,63.12,61.84,99.1,13.1
2018-05-24,62.4,62.51,99.6,13.41
2018-05-25,59.16,62.37,98.65,13.54
2018-05-29,59.43,61.3,97.15,13.36
2018-05-30,60.96,62.07,99.75,13.82
2018-05-31,60.42,61.53,98.35,13.73
2018-06-01,61.8,62.41,99.15,14.4
2018-06-04,60.83,63.02,99.7,14.85
2018-06-05,61.08,63.03,99.45,14.85
2018-06-06,61.57,63.54,101.5,15.67
2018-06-07,62.33,63.18,100.95,14.89
2018-06-08,61.84,63.27,102.25,15.25
2018-06-11,61.8,63.13,101.65,15.73
2018-06-12,60.47,62.92,101.1,15.85
2018-06-13,60.49,62.63,100.4,16.32
2018-06-14,60.97,62.96,101.1,16.25
2018-06-15,60.04,62.91,102.2,16.34
2018-06-18,61.6,62.82,102.15,17.11
2018-06-19,61.4,62.34,102.8,16.69
2018-06-20,62.64,62.14,101.25,16.52
2018-06-21,61.71,61.75,100.8,15.65
2018-06-22,64.57,61.94,101.0,15.8
2018-06-25,62.29,60.77,100.9,15.11
2018-06-26,63.77,60.81,100.25,15.5
2018-06-27,65.57,60.49,98.75,14.97
2018-06-28,65.56,61.27,99.1,15.31
2018-06-29,66.89,60.99,99.6,14.99
2018-07-02,64.89,61.0,101.05,15.16
2018-07-03,65.96,60.81,101.0,15.0
2018-07-05,66.38,61.33,102.0,15.5
2018-07-06,67.55,62.16,103.15,16.36
2018-07-09,69.21,62.44,104.95,16.61
2018-07-10,69.6,62.81,104.15,16.55
2018-07-11,66.82,62.57,102.5,16.27
2018-07-12,66.74,62.74,102.9,16.56
2018-07-13,66.54,63.06,104.25,16.27
2018-07-16,63.88,61.78,104.8,16.58
2018-07-17,63.46,62.8,105.8,16.87
2018-07-18,64.14,64.75,107.45,16.85
2018-07-19,64.5,63.78,107.95,16.71
2018-07-20,64.04,63.32,108.95,16.5
2018-07-23,64.24,63.2,110.05,16.66
2018-07-24,65.06,64.4,109.65,16.19
2018-07-25,64.88,65.23,112.85,16.05
2018-07-26,64.33,65.66,114.0,18.35
2018-07-27,63.61,65.26,114.25,18.94
2018-07-30,64.68,65.17,114.2,19.42
2018-07-31,65.63,65.54,114.8,18.33
2018-08-01,64.8,64.78,114.3,18.48
2018-08-02,65.82,64.58,114.85,18.79
2018-08-03,66.3,65.23,115.1,18.49
2018-08-06,66.96,65.24,116.0,19.43
2018-08-07,67.25,64.74,116.15,19.56
2018-08-08,65.93,64.84,119.45,19.58
2018-08-09,64.0,64.64,117.75,19.1
2018-08-10,64.27,64.03,117.5,19.06
2018-08-13,63.33,63.43,116.8,19.73
2018-08-14,63.92,63.63,119.15,20.02
2018-08-15,61.5,63.47,116.75,19.7
2018-08-16,62.74,64.16,117.95,19.33
2018-08-17,62.35,64.72,118.3,19.77
2018-08-20,62.96,64.64,118.8,19.98
2018-08-21,63.4,64.75,121.55,20.4
2018-08-22,65.19,65.67,120.35,20.9
2018-08-23,64.55,65.83,118.45,22.29
2018-08-24,65.14,66.1,119.45,23.98
2018-08-27,66.15,66.84,119.7,25.26
2018-08-28,65.78,66.79,121.3,25.05
2018-08-29,67.21,67.13,122.2,25.2
2018-08-30,68.17,67.02,122.05,24.89
2018-08-31,67.34,66.84,122.25,25.17
2018-09-04,65.68,67.11,123.3,28.06
2018-09-05,65.41,66.0,121.85,28.51
2018-09-06,62.97,65.83,123.1,27.84
2018-09-07,62.63,66.21,124.5,27.38
2018-09-10,62.55,66.55,125.25,29.89
2018-09-11,64.38,66.6,125.1,30.1
2018-09-12,65.06,66.97,125.1,32.21
2018-09-13,65.24,68.5,125.25,30.48
2018-09-14,66.01,68.42,127.7,32.72
2018-09-17,66.77,67.67,126.85,32.43
2018-09-18,68.52,68.41,117.1,31.93
2018-09-19,69.42,68.5,115.3,31.21
2018-09-20,69.38,68.79,118.9,31.18
2018-09-21,70.51,69.05,122.35,31.02
2018-09-24,72.04,71.44,121.1,32.61
2018-09-25,71.64,72.2,122.55,32.57
2018-09-26,70.44,72.84,121.05,32.19
2018-09-27,71.58,73.02,120.9,32.59
2018-09-28,71.58,73.36,120.55,30.89
2018-10-01,74.59,74.12,120.35,31.42
2018-10-02,73.36,73.81,119.96,29.02
2018-10-03,73.98,72.04,120.97,28.43
2018-10-04,72.58,71.82,122.12,27.78
2018-10-05,72.44,71.58,121.42,27.35
2018-10-08,71.11,71.44,121.79,26.46
2018-10-09,72.57,71.29,121.22,27.24
2018-10-10,67.19,68.92,116.11,25.0
2018-10-11,65.5,68.38,111.87,25.3
2018-10-12,66.16,69.33,110.19,26.34
2018-10-15,65.64,68.7,111.89,26.26
2018-10-16,65.8,70.95,115.16,28.18
2018-10-17,64.78,70.23,115.37,27.3
2018-10-18,64.11,68.14,113.25,26.62
2018-10-19,63.56,67.59,114.08,23.66
2018-10-22,62.94,68.52,114.66,25.03
2018-10-23,61.43,68.57,114.0,25.09
2018-10-24,58.16,66.94,106.27,22.79
2018-10-25,58.99,67.67,108.27,19.27
2018-10-26,58.11,66.99,107.24,17.63
2018-10-29,56.16,67.31,108.76,16.85
2018-10-30,57.08,68.0,109.68,17.2
2018-10-31,57.4,68.94,109.74,18.21
2018-11-01,57.84,70.15,112.6,20.22
2018-11-02,56.35,70.19,113.47,20.23
2018-11-05,58.64,70.39,114.05,19.9
2018-11-06,58.66,70.96,116.36,20.68
2018-11-07,60.88,72.5,116.7,21.84
2018-11-08,59.23,72.96,118.9,21.2
2018-11-09,59.15,72.79,117.61,21.03
2018-11-12,57.46,70.56,115.28,19.03
2018-11-13,55.96,69.49,116.93,19.61
2018-11-14,56.02,69.41,116.03,20.81
2018-11-15,57.22,70.73,117.46,21.49
2018-11-16,57.68,72.04,118.16,20.66
2018-11-19,56.96,70.54,116.37,19.11
2018-11-20,54.86,69.06,112.56,19.21
2018-11-21,56.19,68.53,114.9,18.73
2018-11-23,53.65,68.11,115.25,19.38
2018-11-26,53.1,68.81,116.54,20.08
2018-11-27,53.2,69.71,113.14,21.05
2018-11-28,54.03,72.83,118.27,21.34
2018-11-29,54.44,73.26,119.13,21.43
2018-11-30,53.89,74.05,118.88,21.3
2018-12-03,56.45,74.27,117.89,23.71
2018-12-04,54.92,71.5,110.39,21.12
2018-12-06,53.37,71.54,108.95,21.3
2018-12-07,52.61,69.95,105.26,19.46
2018-12-10,51.49,70.92,103.77,19.99
2018-12-11,51.98,71.84,102.8,19.98
2018-12-12,51.74,72.53,104.23,20.48
2018-12-13,52.21,72.18,103.75,19.86
2018-12-14,50.9,70.76,100.97,19.9
2018-12-17,49.76,69.75,101.78,18.83
2018-12-18,47.31,70.08,101.98,19.5
2018-12-19,46.0,69.0,98.88,18.16
2018-12-20,43.51,68.38,97.42,17.94
2018-12-21,41.49,67.27,95.64,16.93
2018-12-24,36.43,65.56,91.38,16.65
2018-12-26,40.45,69.62,97.38,17.9
2018-12-27,41.54,70.63,97.02,17.49
2018-12-28,40.38,71.09,96.16,17.82
2018-12-31,40.5,72.33,97.71,18.46
2019-01-02,42.24,69.5,96.97,18.83
2019-01-03,42.39,66.22,94.26,17.05
2019-01-04,45.69,68.11,98.26,19.0
2019-01-07,47.88,69.13,98.44,20.57
2019-01-08,48.48,68.3,100.38,20.75
2019-01-09,50.16,69.44,102.77,20.19
2019-01-10,51.95,69.08,104.04,19.74
2019-01-11,51.27,69.33,102.85,20.27
2019-01-14,50.81,68.27,101.82,20.23
2019-01-15,51.82,70.47,102.41,20.38
2019-01-16,51.28,69.82,105.37,19.73
2019-01-17,51.84,70.52,105.9,20.25
2019-01-18,52.81,71.42,109.86,20.77
2019-01-22,51.87,71.49,108.66,19.76
2019-01-23,51.05,69.91,106.95,19.8
2019-01-24,51.0,70.86,108.17,20.85
2019-01-25,53.1,71.15,109.15,21.93
2019-01-28,51.73,69.05,109.33,20.18
2019-01-29,51.87,69.69,108.81,19.25
2019-01-30,53.93,71.68,109.15,23.09
2019-01-31,54.0,72.98,112.37,24.41
2019-02-01,55.66,72.36,113.79,24.51
2019-02-04,55.67,72.5,115.0,24.13
2019-02-05,54.41,73.11,115.78,23.31
2019-02-06,54.94,73.49,115.11,23.26
2019-02-07,52.4,72.74,114.04,22.67
2019-02-08,52.47,73.33,118.05,23.05
2019-02-11,53.58,73.54,115.47,22.96
2019-02-12,55.14,75.06,117.71,22.82
2019-02-13,56.0,74.38,117.92,22.85
2019-02-14,57.07,73.97,115.92,23.13
2019-02-15,57.58,75.25,119.73,23.68
2019-02-19,57.59,75.0,119.5,23.95
2019-02-20,58.64,75.54,121.03,23.95
2019-02-21,57.68,75.14,121.39,23.92
2019-02-22,57.16,76.13,122.91,24.36
2019-02-25,57.54,76.86,122.62,24.71
2019-02-26,57.69,76.75,123.27,24.21
2019-02-27,58.14,77.23,125.2,23.48
2019-02-28,57.85,77.62,125.04,23.53
2019-03-01,59.23,78.59,126.8,23.68
2019-03-04,59.33,78.62,124.27,23.37
2019-03-05,59.15,78.22,123.72,23.5
2019-03-06,56.74,77.7,121.14,22.41
2019-03-07,56.61,76.8,120.06,22.08
2019-03-08,55.0,76.63,120.05,22.01
2019-03-11,55.93,77.81,121.35,22.96
2019-03-12,57.21,78.24,121.99,23.49
2019-03-13,58.06,78.62,122.34,23.38
2019-03-14,57.96,78.98,123.22,22.82
2019-03-15,58.25,79.86,125.33,23.29
2019-03-18,59.13,78.83,127.79,23.25
2019-03-19,57.99,79.96,125.21,26.0
2019-03-20,59.95,79.94,122.44,25.7
2019-03-21,60.8,80.06,122.02,27.89
2019-03-22,58.75,77.97,117.17,26.37
2019-03-25,59.54,78.23,118.11,25.97
2019-03-26,61.09,79.0,122.27,25.69
2019-03-27,60.26,78.73,122.03,24.89
2019-03-28,60.96,79.44,122.17,25.06
2019-03-29,60.23,79.94,122.15,25.52
2019-04-01,60.84,79.66,125.04,26.36
2019-04-02,60.35,79.62,125.25,26.75
2019-04-03,59.56,79.5,126.03,29.02
2019-04-04,60.75,78.62,126.08,29.09
2019-04-05,63.0,79.0,126.95,28.98
2019-04-08,63.08,78.52,128.16,28.53
2019-04-09,62.54,78.67,126.2,27.24
2019-04-10,63.36,78.97,127.12,27.83
2019-04-11,63.29,78.51,127.1,27.79
2019-04-12,66.1,78.01,127.94,27.85
2019-04-15,65.54,77.5,126.93,27.33
2019-04-16,66.31,76.38,128.98,27.93
2019-04-17,65.92,72.88,126.07,27.49
2019-04-18,65.86,73.92,125.96,27.68
2019-04-22,67.88,74.51,126.15,28.18
2019-04-23,67.46,76.1,127.61,27.97
2019-04-24,65.85,76.75,127.2,28.46
2019-04-25,64.18,78.11,126.77,27.66
2019-04-26,63.85,78.56,127.67,27.88
2019-04-29,63.92,78.27,130.54,27.69
2019-04-30,64.12,79.56,130.29,27.63
2019-05-01,63.11,78.74,129.14,26.81
2019-05-02,61.93,78.78,128.14,28.29
2019-05-03,63.23,78.69,131.19,28.22
2019-05-06,62.81,79.07,131.56,27.42
2019-05-07,62.3,76.91,126.63,26.66
2019-05-08,63.44,76.22,127.78,27.09
2019-05-09,63.26,76.42,126.56,27.21
2019-05-10,63.58,76.45,127.4,27.96
2019-05-13,62.9,75.5,122.5,26.24
2019-05-14,64.18,76.03,123.32,27.32
2019-05-15,65.04,76.51,121.51,27.58
2019-05-16,66.35,76.6,125.32,28.01
2019-05-17,65.69,75.97,123.09,27.5
2019-05-20,65.28,75.77,123.37,26.68
2019-05-21,66.46,76.03,123.72,27.35
2019-05-22,64.09,76.26,122.23,27.41
2019-05-23,59.01,75.63,119.96,26.36
2019-05-24,59.47,76.98,120.22,26.44
2019-05-28,59.18,75.71,117.67,29.03
2019-05-29,58.54,75.67,117.69,28.09
2019-05-30,57.79,76.52,116.13,28.03
2019-05-31,55.86,76.13,114.86,27.41
2019-06-03,54.73,75.71,116.33,27.58
2019-06-04,55.84,77.46,120.34,29.57
2019-06-05,54.18,78.69,120.03,29.5
2019-06-06,55.52,80.09,119.55,31.82
2019-06-07,56.55,80.74,119.85,32.41
2019-06-10,57.28,81.27,121.89,33.23
2019-06-11,58.0,81.12,122.28,32.41
2019-06-12,56.71,81.95,122.09,32.18
2019-06-13,58.31,82.29,122.02,31.39
2019-06-14,57.25,82.22,120.6,30.36
2019-06-17,57.86,82.05,119.32,29.2
2019-06-18,58.71,83.42,122.04,30.45
2019-06-19,58.92,84.33,121.32,30.5
2019-06-20,61.32,84.94,122.94,30.01
2019-06-21,61.2,85.0,120.93,29.1
2019-06-24,61.59,84.71,119.59,29.26
2019-06-25,62.19,84.24,118.97,28.86
2019-06-26,65.38,82.96,118.87,29.92
2019-06-27,64.29,83.69,121.38,30.74
2019-06-28,63.57,84.1,119.95,30.37
2019-07-01,64.27,84.49,123.21,31.2
2019-07-02,62.64,84.95,121.27,31.24
2019-07-03,62.42,85.64,123.84,31.19
2019-07-05,63.01,85.42,124.99,31.5
2019-07-08,61.71,85.09,123.4,32.04
2019-07-09,62.05,85.27,123.7,33.15
2019-07-10,63.18,85.38,122.36,33.79
2019-07-11,62.49,85.77,121.71,33.06
2019-07-12,63.13,83.92,124.99,33.21
2019-07-15,62.17,83.81,123.99,34.39
2019-07-16,61.7,83.16,124.8,33.85
2019-07-17,59.65,85.76,121.35,33.6
2019-07-18,59.85,87.76,122.22,33.0
2019-07-19,60.61,87.49,121.14,32.51
2019-07-22,60.42,88.07,122.01,32.85
2019-07-23,60.24,88.74,123.61,33.49
2019-07-24,60.6,88.59,124.87,34.11
2019-07-25,59.81,88.0,124.12,33.67
2019-07-26,59.83,87.75,125.12,34.02
2019-07-29,59.98,88.55,123.9,33.48
2019-07-30,62.0,88.31,124.52,33.87
2019-07-31,64.84,87.1,122.69,30.45
2019-08-01,63.66,86.08,118.49,29.86
2019-08-02,61.95,85.82,117.24,29.44
2019-08-05,58.82,83.16,111.25,27.99
2019-08-06,57.5,84.86,113.24,28.86
2019-08-07,58.02,84.6,111.13,29.19
2019-08-08,60.35,85.56,116.39,33.92
2019-08-09,60.62,86.62,114.26,34.19
2019-08-12,60.81,84.66,110.64,32.43
2019-08-13,62.02,86.89,112.7,32.11
2019-08-14,59.36,83.94,109.6,30.24
2019-08-15,59.62,83.94,111.57,29.67
2019-08-16,59.82,84.78,115.57,31.18
2019-08-19,63.15,85.56,117.99,31.48
2019-08-20,62.6,84.54,118.07,30.72
2019-08-21,64.83,84.9,118.29,31.7
2019-08-22,63.95,84.37,118.37,31.9
2019-08-23,59.56,81.93,114.72,29.54
2019-08-26,59.92,83.12,115.09,30.28
2019-08-27,59.71,83.65,114.95,30.2
2019-08-28,61.43,84.22,116.34,30.78
2019-08-29,62.24,84.82,118.77,31.45
2019-08-30,62.95,85.32,119.17,31.45
2019-09-03,63.28,84.06,116.23,30.9
2019-09-04,65.04,84.22,117.75,30.95
2019-09-05,64.99,85.9,119.37,31.5
2019-09-06,64.04,86.04,118.55,30.56
2019-09-09,64.06,84.22,120.53,30.5
2019-09-10,63.21,83.21,120.9,30.23
2019-09-11,64.95,84.52,122.4,29.76
2019-09-12,63.48,85.21,122.5,30.21
2019-09-13,63.22,84.27,123.41,30.69
2019-09-16,70.29,83.36,122.74,30.83
2019-09-17,67.8,83.58,124.14,30.99
2019-09-18,66.91,83.64,125.54,30.42
2019-09-19,65.58,83.23,125.47,30.29
2019-09-20,65.67,83.58,127.58,30.05
2019-09-23,65.51,83.16,128.69,30.64
2019-09-24,64.32,82.44,129.12,29.52
2019-09-25,63.52,82.86,128.95,29.54
2019-09-26,61.68,82.66,128.62,29.47
2019-09-27,60.13,81.84,127.37,28.72
2019-09-30,60.48,83.67,127.23,28.99
2019-10-01,60.62,81.84,122.97,28.76
2019-10-02,59.32,79.53,119.43,28.31
2019-10-03,61.79,81.07,119.83,28.68
2019-10-04,62.39,81.99,122.46,29.01
2019-10-07,62.7,81.04,120.77,28.93
2019-10-08,62.12,78.51,117.55,28.23
2019-10-09,64.35,79.5,119.08,28.46
2019-10-10,65.91,80.14,120.29,28.38
2019-10-11,66.77,79.63,121.69,29.75
2019-10-14,67.19,79.82,121.47,30.53
2019-10-15,66.13,81.98,123.67,30.72
2019-10-16,65.23,81.78,123.87,30.81
2019-10-17,65.16,82.38,124.07,31.14
2019-10-18,64.95,82.79,123.53,30.97
2019-10-21,65.91,81.65,125.69,32.03
2019-10-22,67.55,80.54,125.8,31.51
2019-10-23,66.62,81.27,125.75,31.36
2019-10-24,66.87,81.36,126.0,31.72
2019-10-25,66.78,81.65,125.76,32.71
2019-10-28,66.57,82.66,127.81,33.69
2019-10-29,67.8,83.45,129.21,33.03
2019-10-30,64.76,84.01,128.36,33.13
2019-10-31,65.75,83.61,126.18,33.93
2019-11-01,68.91,82.66,127.51,34.89
2019-11-04,69.24,82.22,128.46,36.29
2019-11-05,69.7,82.34,128.95,36.15
2019-11-06,68.66,83.12,129.25,35.93
2019-11-07,70.73,83.39,129.0,36.28
2019-11-08,71.85,83.74,129.71,36.29
2019-11-11,72.8,83.76,129.23,36.31
2019-11-12,71.81,84.34,129.95,36.71
2019-11-13,68.97,84.22,128.6,37.52
2019-11-14,67.85,84.12,130.2,38.35
2019-11-15,68.02,85.71,130.62,38.56
2019-11-18,66.79,84.26,131.1,39.88
2019-11-19,66.2,84.29,131.64,41.29
2019-11-20,67.13,83.89,131.52,40.98
2019-11-21,66.91,83.68,130.45,39.52
2019-11-22,64.37,83.74,130.63,39.15
2019-11-25,64.75,84.49,132.25,39.79
2019-11-26,63.57,85.42,132.33,38.99
2019-11-27,63.12,85.42,134.1,39.41
2019-11-29,62.09,85.45,133.84,39.15
2019-12-02,61.19,84.51,133.84,38.73
2019-12-03,59.79,84.36,130.48,38.9
2019-12-04,61.22,85.18,133.19,39.69
2019-12-05,60.95,85.24,134.3,39.62
2019-12-06,62.26,85.48,135.68,39.63
2019-12-09,61.75,83.87,135.35,38.93
2019-12-10,61.73,84.56,135.27,39.44
2019-12-11,61.6,84.91,135.45,39.47
2019-12-12,63.38,85.97,136.5,42.59
2019-12-13,62.32,86.35,136.56,41.15
2019-12-16,64.6,86.4,137.34,42.35
2019-12-17,64.67,87.06,136.77,42.77
2019-12-18,65.06,86.93,135.33,42.3
2019-12-19,63.69,87.35,134.94,42.83
2019-12-20,64.84,86.66,133.45,44.15
2019-12-23,66.89,87.35,132.93,45.46
2019-12-24,67.24,87.28,132.68,46.54
2019-12-26,67.45,87.28,132.07,46.63
2019-12-27,66.46,87.4,130.63,46.18
2019-12-30,66.15,86.8,130.55,45.52
2019-12-31,66.81,86.86,130.56,45.86
2020-01-02,67.72,86.95,131.83,49.1
2020-01-03,69.84,85.89,131.71,48.6
2020-01-06,70.86,86.34,130.58,48.39
2020-01-07,70.94,85.86,130.49,48.25
2020-01-08,68.52,86.21,129.7,47.83
2020-01-09,69.09,86.44,130.87,48.97
2020-01-10,68.51,85.36,129.24,48.16
2020-01-13,69.3,85.12,129.15,48.74
2020-01-14,70.06,85.74,128.62,48.21
2020-01-15,70.08,87.38,127.53,48.55
2020-01-16,70.31,88.28,128.37,49.77
2020-01-17,69.9,89.0,128.43,50.93
2020-01-21,68.49,89.73,126.41,51.05
2020-01-22,67.2,91.86,126.65,51.43
2020-01-23,66.53,90.73,125.55,51.71
2020-01-24,64.41,90.4,122.53,50.35
2020-01-27,62.15,89.59,119.08,49.26
2020-01-28,62.12,89.54,120.64,50.53
2020-01-29,57.82,89.14,119.99,47.51
2020-01-30,58.56,89.16,121.37,48.78
2020-01-31,56.57,87.14,118.56,47.0
2020-02-03,56.43,87.06,121.11,48.02
2020-02-04,57.67,88.23,123.54,49.45
2020-02-05,59.31,89.56,126.32,49.84
2020-02-06,57.03,89.47,124.12,49.32
2020-02-07,55.45,87.87,123.36,49.73
2020-02-10,54.95,88.3,123.43,52.26
2020-02-11,56.16,89.17,126.0,53.8
2020-02-12,58.77,88.79,130.44,53.89
2020-02-13,59.99,88.68,136.89,54.53
2020-02-14,60.34,89.66,136.84,55.31
2020-02-18,61.14,88.88,135.62,56.89
2020-02-19,63.57,89.36,135.69,58.9
2020-02-20,64.72,88.46,136.4,57.27
2020-02-21,64.42,87.45,132.33,53.28
2020-02-24,60.22,84.63,126.97,49.12
2020-02-25,57.39,81.13,121.42,47.57
2020-02-26,55.88,81.36,120.14,47.49
2020-02-27,55.02,79.19,114.78,44.01
2020-02-28,56.18,77.03,111.34,45.48
2020-03-02,57.19,81.61,116.23,47.46
2020-03-03,57.7,77.99,113.02,46.75
2020-03-04,57.0,82.09,117.29,50.11
2020-03-05,54.48,80.52,112.19,48.11
2020-03-06,49.72,81.74,110.15,48.59
2020-03-09,32.98,77.02,99.47,43.27
2020-03-10,39.68,80.88,102.92,45.38
2020-03-11,36.69,78.09,96.97,45.7
2020-03-12,32.84,74.74,89.34,39.01
2020-03-13,34.92,81.65,98.72,43.9
2020-03-16,31.05,73.66,85.03,38.71
2020-03-17,30.62,79.49,88.45,41.88
2020-03-18,30.14,79.26,73.79,39.12
2020-03-19,31.13,74.5,71.03,39.82
2020-03-20,30.69,68.0,62.35,39.61
2020-03-23,28.91,62.82,67.48,41.64
2020-03-24,34.52,69.69,79.58,46.22
2020-03-25,34.74,70.75,80.85,44.63
2020-03-26,36.68,75.81,88.08,47.5
2020-03-27,34.03,74.56,89.96,46.58
2020-03-30,31.93,79.34,90.71,47.86
2020-03-31,33.3,78.91,88.48,45.48
2020-04-01,31.98,76.57,84.16,43.66
2020-04-02,35.3,79.44,82.76,44.49
2020-04-03,33.52,79.45,80.69,42.59
2020-04-06,35.13,82.73,87.09,47.52
2020-04-07,35.14,81.93,88.06,47.56
2020-04-08,39.18,84.95,97.51,48.79
2020-04-09,40.38,86.04,102.14,48.38
2020-04-13,39.91,85.85,97.7,50.94
2020-04-14,38.6,89.14,98.87,54.93
2020-04-15,35.42,90.94,90.8,54.99
2020-04-16,32.54,96.0,91.97,56.95
2020-04-17,37.35,96.01,97.37,56.6
2020-04-20,35.93,98.0,96.31,56.97
2020-04-21,36.37,94.05,92.0,52.92
2020-04-22,39.38,95.48,95.32,55.92
2020-04-23,41.67,93.94,94.57,55.9
2020-04-24,42.46,94.06,96.06,56.18
2020-04-27,43.17,94.95,97.7,56.49
2020-04-28,44.3,91.46,100.91,55.51
2020-04-29,49.01,92.28,105.86,53.66
2020-04-30,48.64,92.09,103.91,52.39
2020-05-01,44.28,89.85,100.03,49.88
2020-05-04,46.29,89.83,101.62,52.56
2020-05-05,46.14,93.03,102.08,52.19
2020-05-06,45.01,91.08,100.7,52.16
2020-05-07,46.4,93.99,105.22,51.95
2020-05-08,48.48,93.7,108.72,53.19
2020-05-11,47.13,96.07,106.88,55.74
2020-05-12,44.8,93.8,103.47,53.76
2020-05-13,42.36,92.16,99.29,52.18
2020-05-14,42.77,91.78,101.19,54.51
2020-05-15,44.07,89.89,101.21,54.2
2020-05-18,49.11,90.27,106.76,54.59
2020-05-19,45.86,88.22,104.74,55.47
2020-05-20,47.34,90.09,107.04,56.39
2020-05-21,47.24,90.39,109.18,54.65
2020-05-22,47.1,91.47,108.33,55.17
2020-05-26,48.63,89.48,114.87,53.19
2020-05-27,49.39,90.76,117.51,52.74
2020-05-28,48.44,92.1,115.24,51.74
2020-05-29,47.47,94.92,113.64,53.8
2020-06-01,48.7,93.01,115.5,53.63
2020-06-02,51.74,92.62,114.19,53.54
2020-06-03,52.11,91.4,117.83,52.73
2020-06-04,52.48,88.25,119.28,52.63
2020-06-05,57.03,89.86,122.54,53.1
2020-06-08,59.98,92.56,130.04,52.97
2020-06-09,57.67,90.27,127.92,56.39
2020-06-10,53.57,92.16,121.41,57.44
2020-06-11,48.57,87.78,111.67,52.83
2020-06-12,49.61,89.02,114.41,53.5
2020-06-15,49.6,89.55,116.04,54.68
2020-06-16,52.21,89.74,118.1,54.46
2020-06-17,50.41,90.9,116.97,54.55
2020-06-18,51.65,90.28,117.06,54.04
2020-06-19,51.24,90.68,118.1,54.23
2020-06-22,51.82,90.34,119.1,54.76
2020-06-23,52.41,91.3,118.0,53.99
2020-06-24,48.96,87.3,114.26,52.39
2020-06-25,50.63,89.62,116.17,51.93
2020-06-26,48.48,88.71,111.73,50.1
2020-06-29,49.94,89.01,113.92,50.28
2020-06-30,51.81,91.43,116.6,52.61
2020-07-01,49.85,91.64,113.16,52.58
2020-07-02,51.49,92.23,113.11,52.34
2020-07-06,49.49,92.97,114.87,53.4
2020-07-07,48.36,92.46,111.38,52.93
2020-07-08,49.32,92.58,113.38,53.43
2020-07-09,44.68,93.67,109.27,57.26
2020-07-10,44.9,93.04,113.12,55.88
2020-07-13,45.33,93.09,111.54,53.59
2020-07-14,47.48,94.82,114.99,54.72
2020-07-15,48.66,96.73,119.55,55.34
2020-07-16,48.67,96.4,119.18,54.92
2020-07-17,47.87,99.25,118.57,55.04
2020-07-20,48.2,99.08,117.7,57.46
2020-07-21,52.26,98.19,119.6,57.0
2020-07-22,52.09,100.19,120.23,61.79
2020-07-23,51.04,100.82,120.94,59.57
2020-07-24,50.46,98.95,119.74,69.4
2020-07-27,50.29,99.99,120.01,68.97
2020-07-28,48.1,99.86,118.25,67.61
2020-07-29,50.0,102.52,122.0,76.09
2020-07-30,47.54,101.53,119.95,78.2
2020-07-31,49.21,100.64,119.66,77.43
2020-08-03,49.84,100.68,121.49,77.67
2020-08-04,50.68,99.93,120.83,85.04
2020-08-05,53.61,102.14,126.6,85.31
2020-08-06,53.39,101.75,130.92,86.71
2020-08-07,53.03,101.23,131.39,84.85
2020-08-10,55.14,100.04,133.31,82.24
2020-08-11,53.52,99.06,134.97,76.88
2020-08-12,53.83,100.65,135.42,82.61
2020-08-13,52.73,101.1,135.45,81.84
2020-08-14,53.78,99.99,135.8,81.3
2020-08-17,52.47,100.71,133.5,82.42
2020-08-18,50.02,100.96,131.89,81.66
2020-08-19,48.49,100.48,130.61,81.09
2020-08-20,48.14,101.63,129.02,82.77
2020-08-21,47.51,102.4,126.15,83.81
2020-08-24,47.83,101.39,128.87,83.08
2020-08-25,48.32,102.47,127.96,86.35
2020-08-26,46.3,103.19,126.5,86.02
2020-08-27,46.42,111.29,127.68,83.8
2020-08-28,46.94,110.79,126.99,85.55
2020-08-31,46.04,109.47,124.85,90.82
2020-09-01,45.94,106.55,124.07,92.18
2020-09-02,45.89,109.44,126.1,90.22
2020-09-03,46.41,105.53,125.52,82.54
2020-09-04,47.15,104.16,125.83,82.01
2020-09-08,45.7,102.84,120.1,78.69
2020-09-09,46.95,105.81,121.04,81.91
2020-09-10,43.52,104.0,120.11,78.98
2020-09-11,43.25,104.7,120.77,76.34
2020-09-14,43.84,105.69,122.0,77.9
2020-09-15,42.85,106.58,122.04,78.93
2020-09-16,44.2,105.7,120.14,76.66
2020-09-17,44.25,106.66,118.31,76.55
2020-09-18,43.02,106.86,117.1,74.93
2020-09-21,41.15,105.95,112.85,77.94
2020-09-22,41.23,104.8,114.08,77.7
2020-09-23,39.4,102.73,111.05,74.73
2020-09-24,39.45,100.92,111.15,75.82
2020-09-25,40.48,103.45,112.0,78.06
2020-09-28,41.03,104.44,114.76,79.48
2020-09-29,40.69,105.19,112.94,81.77
2020-09-30,40.93,108.83,113.14,81.99
2020-10-01,38.98,108.64,113.22,84.86
2020-10-02,37.71,106.5,112.67,81.8
2020-10-05,39.36,108.56,114.22,86.15
2020-10-06,37.97,106.25,112.67,84.48
2020-10-07,37.68,107.74,114.01,86.69
2020-10-08,38.59,108.54,115.13,86.51
2020-10-09,38.06,109.65,114.87,83.1
2020-10-12,38.64,111.05,115.54,84.29
2020-10-13,38.65,108.37,114.45,85.28
2020-10-14,38.59,107.75,114.82,84.21
2020-10-15,39.32,107.32,115.94,83.13
2020-10-16,38.06,109.67,117.41,83.17
2020-10-19,36.6,108.04,114.74,82.0
2020-10-20,37.85,108.36,117.63,81.56
2020-10-21,37.19,105.93,117.39,79.2
2020-10-22,39.25,109.48,122.32,79.42
2020-10-23,39.37,107.79,121.68,81.96
2020-10-26,37.43,109.0,117.93,82.23
2020-10-27,37.4,108.58,113.1,78.88
2020-10-28,36.12,106.42,109.5,76.4
2020-10-29,37.18,105.0,110.24,78.02
2020-10-30,37.22,105.11,110.24,75.29
2020-11-02,38.04,107.48,111.65,74.7
2020-11-03,36.91,109.56,113.44,76.58
2020-11-04,37.22,111.53,114.51,81.35
2020-11-05,37.0,113.53,119.2,83.0
2020-11-06,36.49,114.42,118.12,85.88
2020-11-09,43.39,109.39,127.85,83.12
2020-11-10,44.79,110.81,128.13,77.99
2020-11-11,44.0,112.65,125.04,81.28
2020-11-12,41.59,111.95,123.06,81.84
2020-11-13,43.42,112.6,127.14,81.43
2020-11-16,46.82,113.67,130.38,83.73
2020-11-17,47.31,113.06,129.74,83.36
2020-11-18,46.03,109.77,129.8,82.54
2020-11-19,47.07,111.0,129.96,85.54
2020-11-20,46.54,110.89,129.2,84.64
2020-11-23,49.94,109.27,132.81,85.31
2020-11-24,53.64,107.61,135.71,85.07
2020-11-25,52.58,106.41,134.74,86.71
2020-11-27,50.77,107.62,134.51,87.19
2020-11-30,47.18,108.22,130.27,92.66
2020-12-01,47.76,108.49,133.41,92.63
2020-12-02,49.11,108.15,133.78,93.74
2020-12-03,51.0,107.53,135.08,92.31
2020-12-04,54.39,107.9,140.09,94.04
2020-12-07,52.53,107.18,139.2,94.07
2020-12-08,52.75,106.8,139.01,92.92
2020-12-09,54.09,106.32,139.01,89.83
2020-12-10,57.3,106.52,139.6,91.66
2020-12-11,56.63,107.02,134.42,91.65
2020-12-14,53.9,106.79,133.84,94.78
2020-12-15,56.4,107.45,137.12,97.12
2020-12-16,56.62,107.34,135.05,96.85
2020-12-17,56.67,108.78,137.9,96.84
2020-12-18,55.95,108.97,135.79,95.92
2020-12-21,54.29,108.09,133.65,93.23
2020-12-22,52.09,108.28,133.02,93.16
2020-12-23,54.2,107.45,134.67,91.55
2020-12-24,53.54,108.35,134.75,91.81
2020-12-28,52.83,107.79,133.97,91.6
2020-12-29,52.57,108.33,133.87,90.62
2020-12-30,53.77,108.44,133.89,92.29
2020-12-31,52.79,109.49,133.93,91.71
