IssueId,SectorCode
00100401,20
00107201,45
00107501,55
00107601,25
00107801,35
00116101,45
00117701,35
00118601,15
00120901,15
00123001,20
00123401,35
00125401,20
00127401,40
00130001,20
00132701,45
00135601,15
00138001,10
00139301,20
00141001,20
00143901,20
00144001,55
00144701,40
00144901,40
00148701,40
00152601,40
00159801,20
00160201,35
00163201,45
00163301,35
00165901,30
00166101,10
00167801,10
00168601,20
00169001,45
00170401,45
00170601,20
00172201,30
00174302,20
00177301,45
00179401,15
00182301,20
00182801C,55
00183701,55
00186001,10
00187801,45
00189101,45
00191301,15
00191901,45
00192001,30
00192601,20
00196801,45
00197601,10
00197901,15
00198801,15
00200201,40
00200501,40
00201901,40
00204401,35
00204901,20
00205501,15
00208601,35
00210102,20
00211101,35
00213601,50
00213701C,50
00215401,15
00217602,40
00218401,25
00222001,35
00225901,55
00226901,25
00227001,10
00227101,20
00228201,25
00228501,20
00231201,20
00235201,20
00236901,40
00240301,35
00240801C,50
00243501,30
00243601,25
00244401,25
00244801,15
00249701,20
00250401,45
00252601C,20
00253601,45
00254701,35
00255801,40
00257401,20
00259301,15
00259601,45
00261501,45
00262801,55
00266301,30
00267501C,30
00269601,20
00269801,20
00270301C,25
00271002,30
00275101,35
00277101,20
00278701,15
00280701,30
00281701,20
00281801,25
00285901,55
00288401,50
00294201,35
00296001,35
00296801,40
00298601,55
00299101,10
00300701,25
00302401,40
00302601,30
00302801,25
00303601,50
00306201,20
00308201,40
00309301,20
00310701,15
00312101,30
00313801,30
00314401,30
00315701,45
00317001,30
00322101,40
00322602,25
00323101,40
00323801,40
00324301,40
00324601,15
00327801,20
00331001,45
00333601,45
00336201,30
00341301,55
00341601,20
00342401,25
00343901,55
00350201,25
00350401,35
00350501,30
00353201,45
00357001,25
00358001,20
00361901,15
00363901,20
00364301,40
00365001,20
00366201,20
00370701,45
00373501,20
00381301,25
00383501,20
00386301,20
00389701,55
00390501,25
00396401,25
00396901,45
00398001,25
00401902C,15
00402901,55
00403601,20
00404001,20
00404501,10
00405801,20
00406001,15
00406601,25
00408701,15
00409301,55
00410801,20
00411501,20
00414501,35
00419901,20
00420101,40
00421301,15
00424101,55
00432101,20
00433101,55
00435101,10
00436701,10
00438301,55
00442301,20
00443001,10
00446001,20
00446201,15
00449401,20
00450301,10
00451001,15
00451701,55
00456001,25
00459801,20
00459901C,20
00460501,40
00460801,20
00461102,25
00462201,15
00464001,40
00466901C,20
00467401,40
00467801,40
00468501,40
00469001,40
00469901,40
00472301,40
00473701,40
00480901,30
00481801,20
00483901,25
00484201,40
00488101,20
00488501,40
00492601,15
00493601,20
00494101,20
00497301,40
00498801,25
00499001,25
00501801,20
00504601,20
00504701,20
00507101,30
00507301,25
00508701,20
00510901,25
00511601,25
00512501,25
00517901,15
00523401,25
00523701,20
00525001,15
00525201,20
00525601,20
00533801,15
00543901,10
00549201,45
00549601,20
00551801,25
00552601,55
00553901,20
00554301,40
00556001,15
00556702,20
00557201,25
00558101,10
00559701,30
00560601,45
00560801,20
00563901,35
00564301,25
00566701,10
00567101,25
00568001,25
00569001,20
00570901,30
00572301,25
00574201,55
00576401,20
00578301,20
00578601,40
00586001,20
00586201,40
00587001,55
00587801,20
00590303C,10
00591801,55
00595901,20
00597801,20
00598701,20
00600301,45
00600801,45
00603401,20
00606601,45
00607801,15
00608101,20
00609701,25
00610001,45
00610401,15
00610901,45
00611602,25
00613501,10
00613601,25
00619601,45
00621601,20
00622301,20
00626601,35
00626801,25
00630401,45
00632601,20
00633401,55
00633501,20
00633801,55
00637501,30
00638601,20
00643501,30
00646101,20
00650201,30
00650901,45
00652801,15
00654301,25
00654701,55
00656501,45
00657301,30
00657401,30
00664901,25
00665301,40
00666901,25
00668201,40
00673001,35
00673301,25
00673701,20
00674201,40
00676801,25
00677101C,30
00677401,20
00678101,40
00678801,10
00682101,15
00682901,25
00686501,25
00686701,55
00690001,45
00693201,55
00694601,25
00699401,20
00701701,10
00706301,40
00706501,40
00708501,20
00711601,25
00714601,30
00715401,25
00716101,20
00716301,40
00717101,35
00722801,35
00724101,30
00725101,45
00725701,35
00726001,25
00729101,45
00734301,45
00734601,45
00736601,55
00740101,20
00742001,20
00743501,20
00743701,55
00752601,35
00754901,20
00758501,45
00762001,10
00763701,35
00764701,40
00764801,45
00773301,55
00774101,35
00775001,35
00784901,55
00786601,25
00787501,25
00788101,15
00788202,10
00788301,45
00790601,25
00791201,10
00792101,20
00792201,25
00792301,20
00795101,25
00797001,55
00797401,55
00797701,55
00798201,40
00798501,20
00799101,20
00799301,55
00800701,40
00803001,15
00806801,10
00807901,10
00809901,55
00811301,55
00812301,15
00813301,35
00815101,10
00819901,55
00821301,35
00821502,15
00821901,25
00824501,40
00824701,15
00825301,20
00826401,55
00827201,55
00830401,20
00835001,20
00835801,20
00840201,45
00843101,40
00845501,55
00846301,20
00847901,30
00848601,20
00851201,10
00853001,35
00853901,55
00854201,55
00854301,30
00854901,10
00855101,25
00857701,55
00860601,20
00863301,45
00864401,15
00869401,55
00870201C,40
00871701,20
00876201,30
00878901,40
00880701,55
00881001,55
00882301,25
00885001,15
00885801,35
00887002C,25
00887301,55
00889801,40
00890101,10
00890201,15
00895801,20
00897201,20
00901601,20
00902301,25
00906301,25
00920301,20
00921501C,50
00921601,45
00922501,20
00924801,25
00925801,10
00927301,15
00929901,20
00930201,25
00931701,40
00935901,30
00937201,35
00939301,10
00944501,55
00946501,10
00946601,25
00947201,15
00953801,30
00955501,15
00959901,45
00961101,25
00964702C,10
00966401,50
00966701,15
00969901,15
00977102,20
00977701,30
00977801,20
00978301,40
00981501,15
00983101,55
00984601,55
00984901,55
00985001,55
00988201,20
00989001,55
00989901,50
00990401,10
01000001,25
01000202,25
01000801,20
01001601,20
01003501,40
01005601,15
01008601,40
01009601,40
01011501,35
01012104,40
01012401,25
01018701,40
01019001,30
01024701,30
01027701,55
01035301,20
01038501C,15
01040501,15
01040701,35
01041101,50
01044101,20
01044301,25
01045301,45
01046601,10
01049901,45
01050401,40
01051901,20
01053001,35
01054901,25
01055001,35
01058101,20
01060901,30
01061401,40
01061801,20
01063101,45
01067101C,10
01073501,20
01078701,20
01078901,45
01079301,30
01080101,55
01081601,20
01084001,20
01086001,55
01086701,20
01089401,40
01090301,35
01090501,55
01091601,40
01092001,20
01098101,20
01098301,20
01098401,50
01099101,25
01101201,15
01101701,30
01103201,35
01106001,25
01109401,20
01109601,15
01111501,35
01112401,45
01119101,45
01122001,40
01122801,15
01123401,30
01125901,30
01126401,30
01129601,55
01130001,25
01130401,55
01131302,20
01134301,30
01137601,35
01139901,45
01144301C,30
01144601,15
01145601,40
01146501,25
01149901,25
01150601,10
01151101,25
01153701,25
01155001,55
01155401,55
01155501,55
01156601,25
01158001,20
01158401,25
01160001,15
01163601,45
01167001,30
01167201,25
01168701,40
01172101,20
01172901,40
01177001,40
01178101C,10
01179602,25
01181101,45
01184201,40
01185601,40
01186101,40
01189601,40
01192301,10
01192501,10
01205301,45
01212301,25
01212401,40
01213801,40
01214101,45
01214201,45
01217101,45
01218101,35
01219803C,10
01220601,25
01221501,45
01221601,45
01225001,35
01226201,20
01226601,20
01238901,25
01239501,25
01243301,35
01244101,45
01244501,20
01245901,25
01247101,10
01254001,45
01254401,40
01257602,35
01258901,35
01262501,20
01263501,45
01268901,25
01272601,40
01275601,30
01276101,30
01278501,30
01278801,25
01279603,45
01281501,25
01282501,30
01284001,20
01285001,35
01288601,25
01289502,15
01290901,40
01294501,45
01295001,15
01297201,30
01300302,20
01304101,40
01309203,25
01312501,40
01332301,30
01334101,40
01334201,40
01340601,15
01342101,45
01344003,50
01349801,25
01351001,40
01352601,10
01356101,40
01357001,20
01359901,35
01361901,35
01362301,35
01364601,25
01370001,35
01370901,20
01371001,25
01371403,25
01378201,20
01378901,35
01382401,45
01383901,35
01396301,30
01397103,15
01398801,40
01399401C,10
01402701,20
01404201C,15
01406201C,15
01407801C,20
01408401,20
01417201,40
01421901,40
01422501,20
01425301,40
01425601,45
01426902,30
01428201,45
01430902,30
01431101,25
01431201C,30
01431301C,15
01431601,10
01432401,45
01432601C,40
01433001C,15
01433301C,40
01435201C,20
01435301C,25
01435902,10
01436901,50
01437001,20
01439001C,55
01439101C,55
01441201,25
01441801,25
01443301C,55
01447701,20
01453501,25
01456101,45
01456302,15
01459002,15
01459201,40
01462401,25
01479001,25
01482201,40
01482401,40
01482801,40
01489801,45
01493401,10
01495401,20
01496001,35
01502001C,20
01503701,15
01503801C,15
01504201C,10
01505501,10
01507001,10
01508302C,20
01519701,40
01519901,40
01524701,10
01526701,20
01534301,20
01535001,10
01536301,40
01536401,40
01541401,35
01541701,40
01545901,15
01552001,25
01552101,25
01553301,15
01558001C,40
01558101C,40
01558201C,40
01560701C,40
01562001C,40
01563301C,40
01570401C,25
01570601C,40
01570801,35
01570901,40
01585501,45
01618801,45
01624501,40
01640101,45
01642801C,40
01643101C,40
01643201C,40
01645301,35
01645602,35
01647401C,30
01647801,10
01658201C,15
01659701,45
01665001,15
01670501,40
01672101,45
01678101,40
01679001,40
01682101,40
01683201,40
01684501,40
01688901,40
01698101,40
01703501,40
01707001,40
01707301,40
01707401,40
01709501,40
01710101,35
01711501,40
01713201,40
01714501,40
01715001,40
01715101,40
01719501,40
01723301,40
01723902,35
01724001,40
01724501,40
01724801,40
01725201,40
01726601,35
01804901,40
01824101,40
01869901,45
01873201,40
01909401,40
01931801,40
01935501,40
01939801,25
01940201,25
01957001,40
01971301,40
02001901,40
02018501,15
02020401,25
02021401,10
02028501C,40
02032302C,10
02044002C,10
02048701C,40
02054801,10
02056101C,25
02057001,25
02065001C,20
02065301,10
02067001C,15
02067601C,10
02069501C,10
02069601C,20
02077901,45
02090401,35
02111801,35
02142901,20
02144001,20
02148701,20
02149601,20
02150301,40
02154201,20
02177601,35
02177701,35
02182801,25
02186401C,45
02189401C,30
02204902C,25
02208601,40
02220701,20
02232501,45
02281501,45
02302701,20
02308401,45
02322001,20
02322401,20
02325201,25
02348501,20
02350001,40
02369701,25
02371401,35
02375301,25
02376701,45
02380901,25
02381201,35
02394301,45
02397801,15
02399401C,30
02402101,35
02404001,35
02411301,25
02415701,40
02417101,25
02419701,35
02421601,55
02422501,35
02423201,40
02423301,40
02429101,25
02430201,35
02431601,30
02431801,40
02434401,35
02435001,25
02435201,45
02437001,10
02437901,40
02439601,35
02440501,45
02444001,40
02444702,40
02446301,30
02446601,40
02446801,35
02453901,35
02461701,20
02467801,40
02470801,50
02472001,20
02472501,40
02473101,40
02475001,40
02478201,35
02478301,20
02480001,45
02481001,10
02485301,35
02485601,35
02487801,35
02488801,35
02489301,30
02492501,20
02494301C,15
02496501,15
02497501,45
02503001,40
02505601,25
02511001,35
02511901,25
02512401,15
02513001,20
02517301,40
02518001,20
02523401,25
02527401,45
02527901,35
02528301,25
02531301,35
02533801,25
02533901,40
02534001,25
02535601,35
02535701,25
02537601,40
02540501,20
02543401,25
02550901,10
02557201,20
02563201,40
02573701,25
02574701,45
02574901,20
02575101,40
02577401,45
02579201C,55
02587001,15
02587701,40
02588001,35
02589501,40
02593702,35
02601301,10
02601601,40
02602101,10
02603701,35
02606101,45
02653901C,15
02679601C,10
02701301C,10
02726501C,10
02751901C,15
02778601,10
02779401,45
02781001,35
02782801,25
02784501,35
02791401,35
02792801,45
02796501,45
02798001,25
02798101,25
02802201,40
02803401,40
02811801,25
02811901,40
02813901,45
02816901,15
02817601,15
02818001,25
02819101,25
02819401,15
02819501,45
02821601,40
02829601,10
02829801C,15
02833801,10
02834701,15
02834901,40
02837801,25
02839701,25
02840801,25
02841501C,15
02847701,45
02848501,40
02855501C,25
02856401,10
02859001,20
02862901,40
02864801,25
02873301,40
02874201,25
02876201,30
02885301,45
02891901,10
02892401,25
02893002,25
02894001,45
02900101,15
02901101,25
02901501,25
02902801,30
02909701,40
02909901,40
02910101,40
02910801,10
02912701,35
02913301,45
02913501C,10
02915001,25
02915601,20
02917301,10
02920601,20
02921101,40
02924101,45
02924601,40
02928201,40
02938201,25
02938601,45
02938901,40
02939201,15
02945301,10
02947801C,20
02951101,15
02960901,30
02971001,35
02973301,15
02973401,20
02973601,25
02975101,15
02979101,45
02980402,40
02983001,15
02983701,35
02986801,40
02987501,40
02988701,20
02990101,20
02991001,45
02995501,35
02996801,15
02998401,40
02998501C,20
03003201,15
03005901,25
03007501C,10
03013701,35
03014601,40
03017001,45
03022201,40
03025501,35
03025901,25
03026001,20
03029301,40
03031201,25
03035401,40
03036901C,40
03042101C,15
03044301,30
03046301,20
03047701,20
03057601,45
03061201,35
03065101,30
03066201,25
03067101,15
03067401,35
03082201,40
03084701,45
03086101,20
03087001,45
03092701C,10
03093201,40
03099001,40
03112201,25
03114701,45
03120301,15
03136801,40
03139201,30
03145301,45
03146001,25
03147701,45
03156001,25
03156401,45
03158701,25
03160701,45
03167301,35
03169201,40
03184601,25
03188101,45
03188701,35
03228001,25
06080001,25
06089401,10
06090001,25
06090201,20
06097901,20
06100401,20
06103401,10
06117901,20
06118101,35
06130201,40
06132501,35
06135001,45
06138001,40
06138801,40
06139901,35
06140601,40
06140801,40
06140901,10
06142001,25
06144801,35
06148301,35
06148701,40
06149001,35
06149401,35
06151301,45
06151901,15
06155201,45
06155701,45
06156201,45
06156701,30
06157401,35
06157601,15
06158101,30
06159101,45
06160001,35
06165501,35
06167601,45
06168501,45
06171101,35
06173201,20
06173901,40
06174501,35
06175901,10
06183901,55
06187001,45
06226301,35
06226601,45
06237401,40
06237801,20
06250101,55
06251601,15
06260201,45
06263401,25
06273001,45
06273201,45
06282301,20
06289701,25
06292101,35
06297702,35
06299001,35
06307501C,15
06308001,45
06312301,20
06317201,45
06318601,35
06328801,40
06329001,45
06333801,25
06341701,45
06342201,25
06344701,25
06350101,40
06352701,20
06363901,40
06364301,25
06364501,35
06365101,45
06372401,20
06373901,25
06376301,25
06378101,40
06384701,25
06386301,30
06386601,35
06387601,20
06389201,10
06391901,45
06392701,30
06402801,30
06403001,15
06406101,45
06406301,10
06408801,45
06410701C,10
06413501,15
06416201,35
06416501,45
06416601,35
06417501,25
06419601C,40
06421801,40
06422301,20
06425401,20
06426001C,15
06427501,30
06430201,20
06434401,25
06435601,45
06438901,15
06441001,25
06448001,45
06449201C,45
06453601,45
06454701,40
06454901,20
06455201,40
06462502C,55
06463001,45
06465503C,30
06469001,25
06469901,40
06476601,45
06476801,25
06485301,45
06489101,25
06490101,45
06492501,40
06500601,10
06500901,10
06501801C,50
06502101,50
06502601,25
06510601,40
06510801,40
06522001,10
06522801,40
06527001,45
06529001,40
06534301,30
06534501,40
06539901,20
06541701,25
06542101,45
06543001,25
06544101C,25
06550001,10
06555601,40
06560701,45
06560901,20
06561301C,30
06561402C,55
06561501,25
06564301,45
06567101,10
06571701,40
06571801,25
06573201,35
06577201,35
06583101,25
06588601,40
06594401,35
06596701,35
06598601,45
06601601,30
06603201,45
06606501,20
06623501,40
06627701C,10
06629001,20
06631801C,10
06631902C,10
06632601C,45
06636801,45
06640101C,20
06644601,20
06659901,40
06668601,45
06670801,45
06673101,40
10087301W,20
10523901C,10
10536501,40
10544801C,10
10551701C,20
10567001,40
10578601C,10
10593601,25
10615601C,10
10646401C,15
10652801C,10
10670901C,25
10778101C,15
10789801C,15
10807101C,40
10829701C,15
10839101C,10
10968301,40
10982601,45
11003901,45
11017901,40
11056601,15
11068501,20
11073201,20
11106401,45
11148601,25
11153401,45
11172101,40
11186401,45
11188001,45
11211101,45
11215801,45
11216801,20
11275401,35
11287601,10
11288101C,35
11336201,45
11341901,45
11349001,40
11421101C,10
11452401,45
11460802,25
11462801,40
11504401C,55
11540401,45
11587601,40
11602901,10
11650401,25
11716101,40
11776801,45
11786101,25
11804201,40
11822301,45
11826701,20
11850201,20
11927501,45
11931401,25
11931601,20
11941401,40
11975601,40
12009301,10
12013401,45
12029701,35
12033401,45
12044401,20
12077401,45
12079401,10
12087701,30
12107701,45
12114201,25
12138201,50
12144001,35
12171801,45
12181501,40
12181601,40
12201501,40
12201701C,20
12207801,45
12217201,45
12219401C,10
12225701,35
12238001,20
12284101,45
12290201,45
12291501,10
12341501C,25
12403801,45
12404201C,40
12439401,45
12443401,40
12477501,20
12524001,25
12559501,45
12641701,45
12647401C,20
12655401,35
12672101,20
12737701,40
12897801,15
12947201C,40
13020001,35
13061801C,10
13076201,45
13328801,45
13328901C,40
13336601,35
13336701,30
13350401,35
13372601,45
13376601,35
13376701,25
13376801,40
13386901,45
13387101,35
13493201,45
13548401,50
13596501,45
13618601,35
13626501,40
13672501,35
13680401,35
13713101,35
13723201,40
13731001,45
13757301,45
13761101,45
13770401,45
13812201,35
13812601,35
13820501,35
13848301,35
13860801,35
13874301,45
13886101,25
13902501,40
13966501,40
14007301,35
14054101,25
14075901,45
14076001,15
14100101,20
14127701,35
14136301,10
14138401,35
14145901,25
14146001,35
14172001,10
14191301,45
14223001,10
14226001,10
14244301C,10
14281101,10
14295301,30
14295601,35
14329701C,15
14335701,45
14340301C,55
14342101,35
14391201,20
14397401,45
14400901,40
14406601,20
14409701,10
14411501,45
14443501,30
14443601,35
14447501C,15
14452001,35
14455901,35
14499801,20
14504201,20
14504601,35
14530801,25
14570101,40
14581201C,10
14597701,25
14601701,20
14615601,35
16450602,20
14335601,40
14555201,35
14654301C,45
14281401,45
00528402,25
01237901,20
01239201,20
01266901,25
01303201,40
01348001,45
02002901,40
02033801,30
02497801,25
02796001,20
06297901,40
06347601C,45
06499701,20
06626801,50
06658601,45
11575701,25
12031801,40
12239401,45
12251901,25
13386801,35
13735101,40
13980401,45
14119701,35
14504901,25
14617101,45
14717501,30
14720401,50
14720801,10
01088404,30
06479401,40
14464001,25
14770801,30
02068301C,10
14730501,20
14839401C,20
00315301,15
00915501,30
01378601,35
01969601C,25
02531401,25
02776001,25
03122701,25
03152101,40
06099201,45
06169301,40
06239101,45
06397101,25
06485701,35
06554001,45
06636601,35
11262601,40
12946601,35
13388501,35
14724201,45
14739801,10
14757901,25
14763801,25
14784901,35
14877001,10
14895001,20
01570401,25
06300002,20
14821901,35
14847001,25
14933701,40
00838601,20
00847501,25
01337501,50
01987301,40
02838001,35
03028101,35
03148801,45
06231701,50
06265401,40
06268905,40
06313501,40
06415601,45
06523501,40
06663001,35
10969901,40
11808101,35
12251501,40
13794301,25
14208801,40
15048101,20
15069901,10
15076401C,20
14841401,40
14893201,40
14931801,25
15013901,25
15083701,10
15083801,10
15111801C,25
01320001,45
01406501C,15
01506001,10
01942801,40
02086001C,15
02123701,10
02531801,35
02913101,20
02993001,25
06313901C,15
06340501,35
06398601,45
06407201C,30
06639301,45
10563201C,55
10572801C,40
13402601,25
14846901,40
15020101,10
15047701,40
06233701,15
14907001,40
15027701,10
15093701,45
15193001C,25
24915801,10
02653901,15
15027901,40
15163001,35
15170801,25
00637901,20
00932401,55
01399201C,35
01998701C,20
02475501,30
02820901,35
02964901,40
10566101C,15
11006501,40
14961801,40
15201201C,15
15224901,40
00684501,20
00972802,15
01019501,25
01832901,40
02504701,35
02676801C,15
02807501C,55
02815501,40
06482101,40
06497901,40
06669701,35
10785301C,10
10880401C,15
12500001,35
14037201C,15
14418301C,15
15201101C,20
15413501C,10
00282002,25
00419401,45
02068301,10
14813001C,10
15465301C,55
15467701C,10
15214901,35
15313001,40
15403901,45
15477401C,10
15528001,20
00370803,25
00449801,20
00883201,20
01489101,30
02271701,40
02538903,15
06158501,40
10715401C,15
13394401,45
13578802,45
14839001,45
15030601,40
15475801,35
01247801,25
01260304,40
12345501,15
15609301C,10
15027801,25
15539402,25
00257701,45
00320301,15
00394601,45
00702201,25
01214001,40
01712001,40
01718401,40
01772401,40
01926201,40
01981701,40
02263201,35
02311101,40
02520101,45
02827801,40
02886601,40
02921701,15
06135601,45
06229001,30
06590401,45
06628501,40
06637901,25
10962101,40
11714101,40
12579401,35
14443701,45
14917701,25
15539301,10
15615301,45
15615501,45
15661301,45
15661401,25
15721801,25
15729301C,40
15747601C,25
00860502,40
02060001,15
03151901,15
13599003,55
15573801,40
15638301,40
15686101,25
15715301,15
15735301,40
15735401,15
00294003,35
06560501C,20
00534201,45
00768201,45
01427501,40
01677701,40
02893801,45
03092301W,10
03175201,20
06323201,40
06587201,35
10666001C,25
10918301,40
14149601,35
15695301,40
15705701,40
15741501,25
16077601,40
26448501C,40
10620301,15
14661601,35
15795501,40
16025501,35
26625701,40
00590201,35
00748601,25
00776201,20
01291501,35
01380001,35
02592201,20
02989401,20
06540601,25
11677201,45
11957401,45
12605601,20
12642301,45
14184601,35
15835401,40
15873701,20
17416901,10
26426501,35
26438501,35
26438701,35
26439501,40
15785501,45
16018302,25
16054901,25
16062101,10
16077801C,40
16077901C,15
26077401,40
26441401,35
26470802,25
02068304C,10
06115502,20
16021102,25
16023301,40
16027201,35
16034001,35
16078501,20
16089301,20
26077801,35
26089301,45
26450901,10
00401903C,15
02584801,45
06093101,25
06365001,35
16032901,45
16047901,40
16068402,15
26441601,45
26621401,40
14813001,10
16020701,25
16059801,20
16037601,25
16066801,35
16091201,25
16099101,40
16196601,40
16199701,20
16212901,15
00584901,25
00800103,55
01261501,25
01515303,40
02031501C,25
02870401,25
02872401,20
02951701,30
06222101,20
06484801,15
06570201,20
10611201,15
10854801C,15
11177901,40
11703601,25
13760201,45
14786801,25
15621401C,15
15874201,40
16088801,45
16091301,55
16108801,35
16226401,15
01426904,30
06474502,20
16112001,20
16184401,25
16249101C,40
16426601,35
00824002,40
02808001,15
06313901,15
16225401,15
01257801,15
01669801,40
02866101C,20
11790201,25
16185301,40
16233501,35
16233801,20
16235401,45
16238501,45
16240101,15
16276801,20
16256001,40
16362601C,30
00419401W,45
00507301C,25
16032902W,45
16273301,45
16287601,25
16288701,35
16369701C,10
00996902,35
02123801,20
02782301,35
02880601,35
06432701,35
06559001,25
16034101,10
16037301,25
16238701,10
16245901,10
16255701,40
16255901,40
16298801,25
16359401,10
16396801C,40
16054101,40
16240401,35
16289401,10
16303601,20
16362901,45
16392001,40
16398301,30
16416901C,25
06264007,25
10586101,15
12629602,25
14973801,40
16212701,50
16362701,30
16366901,55
16393901,10
16429601,25
01390601,25
06658801,35
16054905,25
16104001,45
16295701,15
16388901,35
16389101,25
16389301,35
16392101,10
16394601,15
16394801,10
16455701,20
16393501,10
16408601,45
16460901,35
16468001,15
16521501,35
16525601C,20
16248902,40
16436401,40
16458501,20
16461201,35
16470801,40
16526201,10
16526401,40
26065101W,15
00339401,55
00427401,45
00727501,45
00736801,55
01099901,55
06635401,40
10600301C,15
16290601,20
16361001,40
16391601,45
16404601,10
16441601,25
16457201,40
16465201,35
16466001,25
16475601,10
16505101,45
16442201,45
16466401,35
16546601,10
16567801,20
16574601,25
16440802,30
16535801,20
16565201,10
16567501,25
16569901,10
16584601,10
16585601,20
16591401,25
16594801C,20
01079504,20
03088801,40
06272301,45
06433401,35
14233702,10
15661701,35
16311301,15
16409401C,20
16475501,25
16564901,10
16599301,45
16606101,10
01242804,55
14834901,20
16436302,15
16647701C,10
10771001C,15
10876801C,15
11812201,25
16643501,35
00449702,20
02787501,40
02935901,40
10024392W,15
16022501,45
16636301,10
16636801,40
16648201,20
16656201,50
16656301,10
17414701,25
17418501C,25
17430201C,45
17431401C,25
17437001C,40
27784601C,20
01038501,15
02068401,10
02429303,15
03161601,35
10709801C,15
16463301,40
16659301,45
16663901,25
17404901,20
17411801,35
17487601,35
27939801C,15
02596405,20
16436301,15
17413501,10
17449001,50
17507801C,15
02838401,45
06378901,35
11272101,40
17464801,35
17472901,25
17474401,40
17511001,20
17531901,25
25951801W,40
17407701,45
17431701,45
17463701,20
17526301,45
17537601,25
27372601W,10
00821406,20
02890301C,10
16244901,45
16512301,45
17413601,35
17431301,40
17438901,40
17568601,20
17568901,20
17574101,10
00560005,20
01307101,35
02563301,40
03002401,50
06480302C,40
06574401C,15
12560401,20
12876501C,15
16216001,40
16367801,45
16387801,25
16411601,20
16419003C,20
16449401,20
16600502,40
17431001,20
17456701,15
17500401,50
17540401,45
17552301,50
17568801,40
17590001,25
17598201,45
17602201,35
17500701,20
17595501,45
17624701,20
17625901,10
17628201,10
17635101,40
17636201,20
17640401,25
17659101,40
17659201,40
17659801C,15
25951891W,40
02553603,30
17636301,45
17652301,25
17659501,40
17660201,40
17665901,10
17667001,35
17672501,40
27812001C,40
17656701,45
17676001,15
17678101,45
17678201,45
17684001,10
17691401,10
17692801,45
17706701,10
00385103,20
17676601,40
17710801,25
17721601,40
00346902,10
00955102,45
01525203,20
02000701C,15
06492901,35
14117801,45
14798801,20
15856301,35
15874301,30
16214601,35
17500801,35
17634301,10
17670101,40
17697301,40
17722501,45
17722701,35
17742901,45
17750601C,10
10876801W,15
16066101,20
17708801,40
17725701,45
17726402,35
17726702,45
17728701,35
17737602,40
17773901,10
17774401,45
17778001,45
17778201,40
26065101C,15
13430501,15
17709901,45
17730001,40
17792401,35
17792501,20
17795301,25
17799601,40
17801501,25
06501101,35
15076101,35
17526901,30
17530801,35
17711101,45
17712401,10
17787101,45
17788101,35
17788401,10
17798301,45
17808101,45
17808301,45
17793001,35
17831001,45
24591801W,25
00233701,15
17849301,45
17852901,40
17855201,20
17867201,10
17870401,25
00315801,45
00833401,45
01719901,35
02543001,20
02917501C,25
16655501,35
17850701,40
17876701,50
17880301,35
17880601,25
17881401,40
17882301,40
17883401,40
17887401C,15
17887701,20
00460002,25
01248501,25
06569703,25
17464701,35
17897601,25
17902701,35
17907701,40
17908401,45
17908701,10
17920201,45
26439701,45
06360502,55
17929801,40
17929901,35
00373402,25
06522601,45
17815701,35
17887001,10
02428701,40
17944101,35
17953401,45
17959801,35
17962101,30
17965701,20
02011502W,35
17943701,55
17970001,30
17981901,20
17984301,15
17837102,40
17957701,20
17981701,15
17983101,10
17988901,40
18008101C,40
18016701,25
18019301,40
17973801,20
18040501,45
18046401C,15
18046601,20
18047501C,15
18050601C,15
17992501,45
18039501,25
18040201,25
18042301,40
16429603,25
18110401,35
18126901,10
18008301,25
18193101,15
10832601,15
17941301,35
18083301,30
27179401,35
00844001,10
18002901,20
18230801,35
18318701C,55
02069603,20
17966601,45
18323101C,40
18332201,35
27416501,15
18071101,45
18325701,35
18331201,40
06545903,30
17423601,35
17921601C,55
17978201,10
18005701,35
18360301,40
18364001,50
17820101,25
17995701,20
18022901,20
18065201,20
18328301,35
18359301,35
18368301C,25
00401602,25
01647703,25
18336601,25
18337701,45
18379101,10
18379701,40
18385501C,10
18392001,45
12613603,25
14973806,40
16623001,15
18358101,20
18368401,35
18382601,40
18404001,10
18404901,25
26040802,20
16670501,40
18415701,25
18373601,20
18425601,35
18426301,45
18428701,40
06296502,45
18390301,45
18394201,20
18400901,40
18403501,10
18416701,40
18435201,10
18454301C,35
18455101,45
18458201C,10
00141402,40
17453101,45
17943301,15
17984101,15
18397401,45
18465101C,10
18468901,40
27372601,10
29452401,15
01056704,25
16376501,25
16377205,45
17943301W,15
18363601,35
18425801,20
18432301,25
18454201,35
18489901,40
18490501C,40
01479301,10
10522201C,10
15435701,10
17958301,45
18450001,40
18451401,45
18495701,25
18499601,25
18523001C,10
17974101,40
18432101,10
18439201,40
18457601,45
18460301,45
18474801,20
18503001,15
18512801,20
18522901,20
18530901C,10
18472501,45
18479701,45
13664802,25
18548901C,40
00360702,15
12082402,15
17731301,35
17943301C,15
18390201,40
18519501,25
18541901,35
18558401,35
00507319,25
06247501,35
17851901,40
17943801,35
17968601,35
17973101,35
18480701,30
18511201,45
18579701,40
18586801C,25
18588001C,15
18588101,45
18595601C,10
00233705,15
01427504,40
06522602,45
10876801,15
16436303,15
18470001,45
18528901,35
18531801,20
18537001,40
18553201,10
18592101,10
10087303,20
18582401,40
00631004,10
17984001,35
18470201,45
18505801,35
18542801,35
18583601,35
02226004,35
18425401,40
18564601,45
18631001,20
18668101C,25
02428701W,40
18604501,35
18613901,15
18620601,10
18627801,20
18678501,25
18683601,10
18695501,45
18551701,45
18558501,40
18562401,20
18627601,10
18628801,50
18630801,20
18634201,45
18636001,20
18650101,10
01393202W,25
02890303C,10
12045802,45
18652001,45
18671401,45
18698901,10
18739201C,10
18740601,25
17422201,25
18535501,35
18677301,15
18684601,10
18696001,30
18771401,20
10522202W,10
17415202C,20
18743401,45
10709801,15
17899701,15
18678301,40
18825501,20
19035501,35
29631801,10
10771001,15
13668401,55
13760901,20
15284801,15
16273501,35
16622401,35
17814801,15
17906001,15
18613001,15
18746201,45
18765301,35
18949001,20
18949101,20
11812204,25
16103601,25
18518001,45
18660701,35
18736301,25
18749001,45
19125501,25
19225501,35
19285601,35
19415801C,45
19605501,35
17031101C,40
18712801,10
18757601,45
18769801,10
18781401,10
18796101,10
19475501,10
19805801,25
19935601,25
01740801,10
17052701,30
18769201,10
19045501,45
02042302,25
17967101,35
18198901,10
18716401,40
18769601,20
18769701,45
18781201,10
19058001,35
01388801,40
17055501,10
17075801,15
17088901C,10
17796601,20
18047401,20
18449801,40
18745001,20
18763101,35
18768701,45
18773901,35
18774001,45
19495601,45
19626801,45
01998501C,35
17033501,45
17039601,40
17044401,45
17061601,45
17084101,10
17090401,25
17094501,35
17102301,40
17105901,10
18001601,20
18749102,40
18783301,25
17061701,45
18529101,25
18615901,35
18642801,40
18710501,20
18945901,40
01175601,40
02297001C,40
16077001,35
16447102,25
17074801,10
17096901,35
17100701,45
01241301,20
17029701,10
17106701,45
17109701,35
17114101,25
01366401,25
01386101,25
11782901,35
17100201,35
17104901,25
01174501,45
01289201,10
01297801,30
01383601,45
01387101,10
01443801,20
01451701C,40
02244702,10
16068102,20
18754901,40
19096302,40
00338201,45
00524101,35
01229401,10
01354001,30
01383501,35
01385801,45
01403201,25
01432001,35
01504401,45
01521201,10
01542001,45
01600501C,15
02549503,55
17075001,10
17402202,40
18048301,15
00577003C,25
01283301,10
01521501,35
01523501,10
01641601,45
01652101C,10
11187302,25
01531401,20
01610101,35
01622501,10
01672001,40
01684801,35
19615901,10
01072606,25
01509301,10
01539601,15
01701001,25
02454403,25
06527502,25
10443201,25
17036001,10
01372101,35
01648601,15
01705601,45
01611301,40
01626901,35
01735001,35
01744901C,10
01755301,45
01755601C,40
06405502,20
18533401,30
18760701,45
01665301,25
01700101,45
01745101,40
01749801,35
01755001,45
01769901,25
01782601C,10
18537501,45
18639201,25
01511701,10
01638401,40
01730601,40
01768801,35
01769301,45
01769501,45
01780801,35
01787401,50
01792801,35
01793101,35
01800301,20
02428708,40
06558702,35
16287001C,25
18534401,20
01215101,30
01280301,45
01758101,45
01781201,20
01799801,35
01800901,35
01804301,25
01804701,25
01805001,45
01808601,35
01816201,35
01820401,35
01824601,40
02832002,45
17038401,45
17413401,35
00316901,35
01098410,50
01793301,10
01815901,35
01817701,25
01838601,50
14518603,25
18536301,25
01793401,30
01795601,10
01829101,45
01831501,35
01832001,25
01832201,45
01843201,35
01844101,40
01849801,25
01851301C,55
00419402,45
01727701,20
01832101,15
01833901,25
01835101,15
01843001,35
01846901,35
01848701,45
01851001,35
01856101,45
01856401,45
01857201,35
01858401,45
01861301,35
01862401,35
01863001,50
01866601,35
01867701,55
01868301,45
00359201,40
01803601,45
01838301,40
01839201,40
01843101,10
01846501,10
01846801,10
01856201,35
01857801,40
01862501,35
01865801,35
01867501,25
01868901,35
01874501,40
01874901,35
01884101,35
01894701,35
01900001,40
18770901,10
19755901,45
01185401,40
01673801,25
01832601,25
01855601,25
01862901,25
01883801,45
01884201,25
01886901,45
01887201,45
01887501,60
01889901,35
01890001,25
01893001,35
01897601,35
01917501,25
03095005,25
31605601,20
00104504,20
00564304,25
01863501,40
01877401,10
01893801,35
01897501,45
01911601,35
01929601,10
01935901C,10
01941201,35
01941701C,35
17763701,25
18685801,25
00507205,40
01830601,40
01914901,35
01915401,35
01917101,10
01919001,25
01937701,10
01939101,25
01947001,35
01951701,55
31531801,15
01818401,40
01904401,45
01927401,35
01941801,35
01944001,40
01944201,20
01947101,35
01951101,35
01951601,25
01951801,45
01957401,25
01975501W,35
01978401,35
01978801C,25
19245801,40
01958101,25
01973001,20
01974701,25
01977301,35
01983201,35
01984901,45
01985901,35
01987701,45
01988101,25
01990101C,35
01993501,10
01997401,40
14098801,20
16032903,45
16387201,40
31486601,25
01927301,10
01964901,45
01975301,45
01980001,25
01990601,45
01990801,45
01991001,45
01992701,40
02009601,35
02010501,40
02011301,25
02011501,35
02011601,45
02027701,40
02028101C,15
02034001C,40
06380003,35
01654901,40
01867901,45
01958001,25
02000301,35
02002001,20
02003301,35
02017901,10
02022901,45
02023301,35
02023501,20
02029801,10
02041201,40
02042201,40
02043001,40
02053901,10
02054001,45
02071001C,10
31726401,10
00731602,25
01800401,25
01985801,20
02001101,15
02008901,25
02013001,55
02016801,10
02033001,45
02050201,15
02051301,10
02053401,10
02061101,35
02064301,35
02064401,25
02064501,35
02065501,55
02065901,35
02069301,40
02074201,35
02074801,45
02080101C,45
02096001,40
17052001,35
17063901,10
18755101,15
01701003,25
02012601,20
02022801,35
02042001,15
02068601,40
02073901,55
02082301,35
02093501,35
02094301,35
02100601,35
02101501,35
02102001,35
02112401,25
17983401,35
25886901,25
01964001C,10
02061902,20
02069901,25
02101601,35
02132601,40
02152001,35
02157701C,35
18725201,40
01984301,30
02100201,45
02165201,10
02176101,45
02180801,25
02181601,25
02182501,40
18533701,35
01789901C,10
02023201,45
02094401,10
02101201,35
02101901,40
02104701,30
02135201,35
02143301,50
02154001,25
02161601,40
02161701,35
02162601,55
02163301,40
02180101,35
02184701,45
02189801,25
02191801,10
02204701,25
06092303,25
18527701,10
18951701,40
01977001,10
02107901,40
02122701,25
02126101,20
02173901,35
02179801,30
02181501,40
02184101,35
02190101,35
02191601,35
02203901,35
02204001,45
02213401,15
01964701,45
02184501,25
02200001,45
02215901,10
02216501,40
02217801,45
02218201,45
02223001,35
02234301,20
02239701,20
16392402,40
02008801,45
02244901,35
02265301,25
02267201,25
02270901,35
01817701,45
01974701,45
02096101,50
02189501,10
02270801,35
02286701,35
02238701,35
02260301,15
02311901,45
02329401,40
02335301,40
17075801,20
02307101,45
02307701,40
02323801,25
02329601,10
02333501,35
02340701,35
02343201,40
18708401,25
24591801,25
01829303,55
01948401,40
02307201,10
02325601,10
02343301,10
02352101,35
02355501,35
02359401,25
02365001C,45
15667601,55
17107801,35
18027202,45
01948401,20
01973001,45
02100401,35
02151501,20
02273401,35
02274101,15
02308301,30
02322501,25
02324501,25
02356901,20
02381801,35
02382101,25
02382701,10
02384301,25
02385601,45
02386501,20
02393301,35
02393501,45
02399001,35
02407101,45
02411601,40
02413501,45
02417701,35
02463801,20
02472402,25
14146202,10
15729301C,35
00556804,30
02029901,40
02104701,35
02324901,45
02407601,25
02408401,35
02417601,35
02424901,35
02435101,25
02443701,30
02450101,45
02461601,45
02530401C,25
02534801,35
02550701C,25
13874301,40
18703905,45
02310601,35
02486101,25
02490501,20
02499001,30
02507701,35
02521901,40
02534901,35
03661301,40
01863001,45
01964701,40
02324701,40
02448101,25
02460101,20
02461101,20
02608101,35
02614601,35
02614701,35
02386401,10
02499801,15
02515702,45
02575601,45
02589801,35
02590401,35
02611201,35
02612301,35
02615601,45
02626901,35
02633201C,15
02878702,30
02494401C,55
02542402,30
02630401,45
02632101,45
02633501,25
02634001,35
02634101,35
02634901,35
02636701,45
02638101,45
02656701,40
06317201,40
16037301,40
00322601,25
00821009,10
02181601,45
02441502,20
02649401,45
02654501,40
02665801,55
02675301,15
02681201,15
02649501,20
02681801,35
02687401,35
02064901,35
06093101,45
16505203,25
02612601,35
02636101,25
02667701,45
02686402,10
02718603,25
02718701,25
06626801,45
10522201,10
17079101,40
01831201,30
02093501,40
02258301,20
02589301,20
02672201,45
02689201,35
02711901,15
02715501,35
02724501,35
02735501C,15
06639301,20
06692901,30
01988101,45
02659001,20
02672101C,20
02674901,20
02701401,20
02727401,35
02736401,45
00373501,35
01998503,35
02246001,40
02684701,35
02714801,30
02721501,40
02738701,45
02757401,20
02763501,45
02765201,40
02766901,35
02771601,35
17981702,15
26327701,20
01999801,35
02614401,25
02766501,40
02784101,10
06502101,45
00460501,60
00554301,60
00706301,60
01009601,60
01089401,60
01122001,60
01145601,60
01175601,60
01214001,60
01254401,60
01312501,60
01351001,60
01570401,40
01755601C,60
01838301,60
01857801,60
01900001,60
02297001C,60
02411601,60
02473101,60
02563201,60
02563301,60
02641101,10
02654501,60
02670901,45
02674601,45
02678801,35
02737301,15
02757601,30
02780301,40
02787101,40
02787401,45
02787501,60
02788501,45
02790701,30
02790901,45
02801201,35
02807001,15
02811901,60
02830901C,40
02848501,60
02862901,60
02873301,60
02909901,60
02935901,60
02938901,60
02964901,60
02986801,60
02987501,60
02998401,60
03029301,60
03035401,60
03082201,60
06237401,60
06419601C,60
06480302C,60
06482101,60
06492501,60
06510801,60
06529001,60
06635401,60
10536501,60
10572801C,60
10807101C,60
11017901,60
11349001,60
13874301,60
15737302,55
16047901,60
16099101,60
16216001,60
16396801C,60
17402202,60
17659201,60
17907701,60
18490501C,60
18579701,60
18678301,60
26075101,40
26077401,60
00626801,20
01479306,10
01664801,20
01907101,25
02183401,10
02309301,15
02733301,25
02757501,25
02763801,15
02808401,45
02836701,35
02842001,45
02842101,35
02847001,35
02851501,25
02879001,30
18716301C,25
00844005,10
02705401,25
02819201,20
10522203C,10
02739301,25
02871901,45
02913801,10
31872801,40
02616201,35
02738601,20
02900401,35
02952401,10
02956501,10
02981901,35
03092301,10
18360301,60
18400602,10
18595201,20
18633603,10
02246001,35
02630501,25
03000401,60
03024101,10
02837001,25
03007601,40
03009101,45
03014501,10
03053501,45
03056001,25
03057101,15
03065501,45
03066401,35
12138201,60
18589401,45
02183301,10
02215501,25
02968001,10
03039701,15
03062201,45
03073601,45
03096201,40
03099801,25
03099901,25
03100401,45
03105901,35
14246003,10
26419301,20
02915501,45
03009802,20
03106101,35
03109401,35
03110801,60
03110901,10
03123601,45
03126601C,45
03129401,35
03146601,25
03149401,45
03155301C,10
25951801,40
01248512,25
01343103,10
02162601,20
03125202,10
03140501,35
03162801,35
03171301C,35
03181901,40
03208601,45
03177401,40
03179601C,30
03204601,35
03210201,60
03210601,10
01056502,10
03182301,15
02323801,45
03228501,15
03234801,35
03238201,25
03238301,35
00228201,30
02160101,35
02755501,35
03241301,10
03245101,35
03246901,45
03250201,45
03252601,45
03254101,45
03255701,45
03256401C,15
03257401,25
03258001,60
01187702,25
02398501,40
02635901,35
03180201,25
03237201,10
03253001,45
03257101,45
03260001,40
03260803,25
03261001,55
03263801,45
03264001,35
03264101,45
03267001C,15
03267501,45
03268801,25
03271501,35
03277101,60
06406101,20
32584401W,45
02243901,40
02937501,45
03274801,60
03277501,35
03279201,35
03280901,35
03285501,45
00549201,20
03028401,10
03138601,25
03288601,20
03289401,35
03290801,35
03293001,20
02179901,40
03287901,25
03293501,45
03293801,10
03306701,10
03306801,25
03234901C,35
03261001,20
03294101,35
03303701,45
03313301,35
03315201,45
03324001,35
11211101,20
16408601,20
17984101,35
02354601,45
03305601,40
03317501,45
03323201,45
03327501,45
03330101,45
03332101,45
03332601,10
03342001,45
03342101,40
03344901,10
06115303,20
32668801,20
00724101,35
01722801,10
01888801,35
02917501C,40
03276701,40
03324301,25
03342301,45
03342401,20
03343501,35
03343901,45
03344501,35
03344601,45
03344701,35
03345901,40
03353301,45
03277101,20
03360001,35
03360101,35
03360301,45
03361001,45
03363701,20
03364101,35
03365201,25
03369401,45
03369601,35
03371801,30
02887702,30
03129501,40
03366801,20
03369302,45
03370301,35
03371901,35
03372001,35
03372101,35
03372401,35
03375901,45
06093101,20
12219401C,55
03376701,25
03380901,60
03401001,10
11677201,40
03395101,25
03395501,35
03401501,35
03405101,25
03407601,50
03407701,35
03413501,35
03414001,45
00322601,50
00338201,25
00398001,50
00406601,50
00498801,50
00528402,50
00613601,50
00702201,50
00726001,50
00786601,50
00887002C,50
00946601,50
01072606,50
01149901,50
01248512,50
01288601,50
01366401,50
01371403,50
01435301C,50
01453501,50
01672101,50
01701003,50
01804301,50
01887201,50
01990601,25
02031501C,50
02054001,50
02069901,50
02122701,50
02322501,50
02382101,50
02448101,50
02472402,50
02606101,50
02638101,50
02718603,50
02718701,50
02765301,25
02837801,50
02855501C,50
02915501,50
03009101,50
03031201,50
03066201,50
03099801,50
03126601C,25
03250201,50
03254101,50
03257101,50
03293501,50
03317501,50
03369401,50
03404801,15
03405301,20
03410101,20
03410201,35
03411801,35
03416101,35
03423601,45
03424101,35
03424301,45
03430001,45
03433701,10
03434201,35
06080001,50
06090001,50
06264007,50
06463001,50
11452401,25
11790201,50
12341501C,50
12524001,50
12613603,50
14757901,50
14917701,50
15747601C,50
16032903,50
16054905,50
16429603,50
16466001,50
16567501,50
16574601,50
17061701,50
17678201,50
17710801,50
17711101,50
17763701,50
17778001,50
17808101,25
17969002,45
18040501,50
18415701,50
18426301,50
18652001,50
18703905,50
18740601,50
18757601,50
19626801,50
19935601,50
32879501,20
01050401,10
03425902,30
03432701,35
03441501,40
01448908,45
01570401,20
03441001,35
03442901,35
03441801,10
03457801,35
03461601,35
03476501,35
01647603,25
02724002,25
03444301,15
03463602,50
03485401,35
03487301,20
03491001C,45
00449702,10
03422101,35
03488201,35
03491901,40
03495301,40
03495501,45
03500501,45
03500601,35
03501301,50
00310509,50
00727501,35
01975301,25
03444701,30
03503501,25
03505501,50
03506501,35
03507701,20
03509001,35
03509101,35
03510201,35
03512001,45
03515801,20
03516801,15
03521101,20
16367801,25
17431001,45
33233201W,35
03375001,20
03446701,25
03495401,35
03513301,45
03518201,45
03525401,35
03525501,35
03526401,35
03526701,35
03527901,35
03528001,35
03528701,25
03528801,25
03529001,35
10024303,15
18957902,30
03333701,40
03433001,40
03537401,45
03537701,35
03539101,35
03539401,35
03539501,55
03539601,35
18745001,45
03544701,45
03554301,35
03549701,35
03560001,35
03560401,45
03561401,45
03561701,45
03562001,45
03562701,25
03563901,35
03564001,35
03567901C,20
02616701,40
03563001,35
03563801,35
03564201,35
03564701,35
03564801,35
03570801,35
03572801,35
03574301C,45
03580801,20
02672101C,10
03238201,50
03579401,45
03585201,35
03655001,25
02297005C,60
03586801,45
03592201,45
03598201,35
03587401,30
03602501,35
03602801,35
03605201,35
18959402,25
03571401,35
03604901,35
03605101,35
03608301,35
03614001,35
03617501,20
03561201C,20
03588001,25
03588201,55
03619001,20
03619101,20
01279603,20
03126601C,60
03597801,15
03626401,35
03630101,35
03630901,50
03632801,35
03640401,25
32557601,20
03623401,40
03623601,35
02263801,50
02564501,30
03619301,20
03647301,35
03647401,35
03648290,35
03649401,45
03649601,35
03651201,25
03655501,35
03655601,35
03656501,20
03659801,40
03659901,35
03660001,35
16311803,50
00409403,20
03626301,35
03663501,40
03664201,35
03666001,35
03667701,35
03669101,50
03669201,40
03670401,35
03671101,45
03673701C,45
03679001C,55
33996501,45
00838601,25
00107601,40
